Codice,Cabina,Latitudine,Longitudine
2060000,Triomarmi,44.55153,10.92932
2060003,Zanasi,44.55513,10.92715
2060004,Capoluogo,44.55082,10.93761
2060005,@Pz.Avogadro,44.53561,10.92632
2060007,@Gualinga,44.53808,10.94799
2060010,Geg,44.54836,10.92418
2060011,S.Lorenzo,44.56834,10.96094
2060012,D'Autore,44.54594,10.92377
2060016,Formig,44.54988,10.92555
2060022,Lott.Berti,44.55238,10.9429
2060023,I.G.Incerti,44.55326,10.94762
2060024,V.Damiano,44.55375,10.94492
2060026,Cond.Giardin,44.55066,10.94296
2060027,White,44.57541,10.95229
2060028,Gams,44.55108,10.9316
2060029,Acq.Com.Enel,44.54573,10.93716
2060030,Cavani Flli,44.54583,10.93164
2060032,S.LUCIA VILL,44.57831,10.91038
2060033,CH.MONTALE,44.57516,10.90909
2060034,Bgp Bellei,44.55032,10.92726
2060035,Villani Spa,44.55156,10.93835
2060037,V.Allegretti,44.54573,10.93938
2060038,Lott.Zanasi,44.55681,10.96266
2060039,Lott.Villani,44.55365,10.93392
2060040,Tegana,44.55968,10.91204
2060041,Pavare 1,44.55307,10.92977
2060042,Pavare.2,44.55347,10.92742
2060044,Pavare.4,44.5523,10.92596
2060045,Con.Andromed,44.55096,10.94208
2060046,Muratori,44.5537,10.92743
2060047,L Indust1,44.54806,10.92802
2060048,L Indust2,44.5449,10.92605
2060049,Lott.Pra.Sec,44.55617,10.93566
2060052,Tombola,44.57547,10.96402
2060053,Peep 3,44.55254,10.93202
2060054,V.Canneti,44.56693,10.94985
2060056,Lot.Alimen.1,44.54514,10.92375
2060057,V. Allende,44.54824,10.9234
2060058,Lot.Leonardi,44.54244,10.92402
2060059,Soc.Depura,44.55933,10.94783
2060061,Mvm Snc,44.54646,10.92372
2060063,Meta Spa,44.56016,10.96185
2060066,Pavare.5,44.55033,10.92398
2060068,V.Nenni 8 M,44.54731,10.93406
2060069,L.Macchione2,44.54698,10.93542
2060070,V. Rossa,44.5481,10.93654
2060072,Ristoro Srl,44.54898,10.92321
2060074,V. Pace,44.54393,10.93914
2060075,Vecchi Carlo,44.53971,10.94411
2060077,V.Canobbia,44.5383,10.9371
2060079,T G M,44.55997,10.97139
2060081,Az.Ag.Selmi,44.54872,10.94946
2060082,Sapifin,44.55629,10.91895
2060083,Solmi,44.5536,10.92865
2060084,Scuole Elem.,44.54781,10.94306
2060085,Com.Casteln.,44.55207,10.94573
2060087,Cas.Bruciate,44.56512,10.94122
2060088,Bor.Cavidole,44.5644,10.95959
2060089,V.Cavidole,44.56066,10.97092
2060090,B.S.G.S.P.,44.54961,10.93844
2060091,Castelfrigo,44.54713,10.92456
2060093,Venturelli,44.55092,10.96019
2060094,Alcar Uno,44.54448,10.92341
2060096,@V. Paletti,44.54322,10.91944
2060097,Sal.Gigi,44.5447,10.92498
2060098,Pros.S.Franc,44.5445,10.92486
2060099,V. Pitagora,44.54342,10.95685
2060100,Cas.Casteln.,44.55169,10.95169
2060103,Lott.Comp.3,44.54578,10.92729
2060104,Lott.Alberti,44.55594,10.93974
2060105,V. Cimabue,44.55402,10.93881
2060106,Invest.com,44.55271,10.93835
2060107,V.Della Pace,44.54196,10.92678
2060109,La Modenese,44.55117,10.93486
2060111,Gatti,44.54845,10.92262
2060112,V.Repubblica,44.5507,10.94011
2060113,Coop Estense,44.54957,10.93799
2060115,Tema,44.54953,10.92825
2060117,Meta,44.54442,10.936
2060118,Castelcarni,44.5443,10.92607
2060119,Sal.Pavarott,44.55436,10.94254
2060120,V.PalettiBen,44.54162,10.92606
2060122,ParcodelSole,44.53875,10.94175
2060123,V.Pal.ang.Cr,44.54086,10.92921
2060124,V.Moro,44.54602,10.9219
2060125,Ca'Ferrarini,44.57196,10.94981
2060126,V.QUASIMODO,44.57016,10.90735
2060127,V.VANDELLI C,44.56802,10.90572
2060129,V.D.Scienza,44.55307,10.92869
2060130,V.Caravaggio,44.55696,10.93949
2060131,Lefin,44.55496,10.93104
2060132,V.Lavoro,44.55121,10.92946
2060133,Horses,44.55945,10.95301
2060134,V. Cristo,44.53799,10.927
2060135,V.Ferrari,44.54724,10.94021
2060140,P. Montessori,44.57071,10.91319
2060141,V.Cristo La Punta,44.5424,10.93282
2060142,V. Moro Eat,44.54585,10.9224
2060143,V. Lazio Vecchi,44.56635,10.90888
2060163,POZZO CASARI,44.56733,10.89103
2060164,CASTELLACCIO,44.57123,10.89469
2060202,POZZO LEI,44.56887,10.89071
2060319,POZZO CANDRI,44.56628,10.90856
2060614,V.P.EX CASEI,44.58313,10.89569
2060636,TAB.ANG.GALL,44.57886,10.8922
2060672,ACQ.MARANELL,44.56374,10.92566
2060730,VANDELLI,44.58049,10.8938
2060751,V.GALLIANA,44.57223,10.886
2060771,V.P.TONIINI,44.58778,10.89337
2060785,FIANDRI S.LU,44.5691,10.92464
2060797,V.S.ZENO,44.57435,10.90449
2060799,LOTT.QUADRIF,44.56478,10.90315
2060802,V.CARDUCCI M,44.56355,10.90666
2060811,V.CELLINI MO,44.57305,10.90089
2060812,V. BOITO,44.56954,10.90185
2060814,V.PIEMONTE,44.57217,10.90694
2060815,EDERA,44.56886,10.91151
2060852,MACELLO S.M.,44.57259,10.91706
2060906,V.EUROPA MON,44.56822,10.89789
2060907,V.TABARETTO,44.57701,10.89839
2060941,V. CAMPANIA,44.56698,10.91178
2060942,AZ.AGR.ROVIN,44.56234,10.91672
2060965,MANODORI.BOM,44.57497,10.88735
2061094,V.LOMBARDIA,44.57037,10.9092
2061319,IL MODULO,44.57868,10.90827
2061406,C.ART.MONTAL,44.56654,10.91182
2061442,S.G.MONTALE,44.57501,10.90767
2061466,BARBARA CERA,44.56612,10.91107
2061494,V.D.C.MONTAL,44.57243,10.91065
2061495,V.VENETO MON,44.57606,10.91142
2061536,VILLA BERTI,44.5756,10.91525
2061612,V.Q.MADONNE,44.56237,10.90611
2061644,V.ZENZALOSE,44.5608,10.9294
2061645,V.LAZIO MONT,44.56812,10.91004
2061669,GDM S.LUCIA,44.57565,10.91865
2061694,GBG V CAMPAG,44.56857,10.91228
2061697,V.SCIASCIA,44.56907,10.91626
2061698,PIAZ.MORANTE,44.56744,10.91879
2061699,V.PASOLINI,44.567,10.9213
2061713,ZENZALOSE SC,44.56956,10.91338
2061731,V.GIORDANO,44.55939,10.90518
2111104,SELICE 2B,44.40598,11.75928
2111108,FLUNO 800,44.41229,11.77249
2111113,SELICE 12A,44.42182,11.77112
2111124,VIAZZA 2,44.42008,11.79525
2111125,VALENTONIA7A,44.38879,11.7902
2111126,CAVALLAZ1081,44.3994,11.79807
2111129,LUGH.SUD 571,44.39148,11.80777
2113022,SELICE 2G,44.40676,11.7608
2113024,MORDANO,44.3966,11.81079
2113025,BUBANO,44.40937,11.78056
2113042,SGANGA,44.40186,11.79378
2113077,SELICE 9,44.41566,11.7654
2113085,BAZZINO,44.41915,11.80537
2113111,RINGHIERA 17,44.42432,11.77317
2113123,S.FRANCE2612,44.41233,11.78562
2113126,S.FRANCE2016,44.40972,11.79247
2113130,COLOMBARONE1,44.39007,11.80482
2113137,CAVALLAZ2536,44.40631,11.78273
2113144,SELICE 12,44.42125,11.77114
2113153,SELICE 10A,44.42001,11.77023
2113167,FOSSA MAESTA,44.41195,11.77265
2113168,S.FRANCES814,44.40477,11.80564
2113202,LUGH.SUD 376,44.39399,11.80861
2113214,NUOVA 22,44.41615,11.79426
2113228,COLOMB.CA410,44.40363,11.77084
2113229,LUME 330,44.39959,11.77312
2113233,RINGHIERA 1,44.41776,11.78695
2113269,SEMINARIA,44.40646,11.81869
2113316,BAZZINO 24,44.42406,11.79249
2113338,BACCHILEGA15,44.3993,11.8116
2113351,PAGNINA 4,44.41538,11.78048
2113365,ARTIGIANATO1,44.40244,11.79163
2113374,LUGH.SUD1357,44.38404,11.80192
2113438,BUTTACECE 8,44.41553,11.81598
2113452,COLOMBARONE9,44.397,11.78724
2113454,ACQ.INDUSTRI,44.4181,11.77686
2113479,SELICE 16,44.43264,11.77854
2113487,LUG.NORD1781,44.41262,11.82345
2113508,FANTINA 11,44.40008,11.81614
2113524,TOBAGI 10,44.40903,11.78237
2113527,DE GASPERI,44.40126,11.81027
2113563,BAZZINO 6A,44.42202,11.80976
2113568,COLOM.CA665,44.40507,11.76679
2113582,FORNACE 1,44.3978,11.80441
2113592,ARTIGIANAT25,44.40113,11.79101
2113606,SELICE 1,44.40523,11.75754
2113613,MARZARA 20,44.41343,11.7867
2113621,FONDARELLE 3,44.4177,11.8364
2113622,SELICE 2F,44.40675,11.76005
2113631,S.FRANCE1614,44.40752,11.79773
2113636,NUOVA 15,44.41365,11.80048
2113654,INDUSTRA 6,44.40083,11.79255
2113667,PORZIA 3,44.40303,11.80278
2113668,VALENTONIA 7,44.38884,11.79102
2113688,RINGHIERA 2A,44.4282,11.78858
2113746,AGRICOLTURA7,44.39885,11.78933
2113752,S.FRANCES916,44.40556,11.80359
2113803,POTAB.BUBANO,44.41844,11.77551
2113804,GIOVANNI PII,44.39708,11.80594
2113845,LUME 27,44.40154,11.77475
2113846,CAVALLAZZ987,44.39869,11.80013
2113865,FLUNO 328,44.41048,11.77702
2113867,RINGHIERA 13,44.42229,11.77922
2113874,FLUNO999,44.41142,11.76882
2139510,V. Kennedy,44.51504,11.06005
2170200,@Ca' Bruzzi,44.52052,10.98302
2179157,Cortazza V.merlo M.Lom,44.48528,11.819
2200346,BICOCCA 14A,44.38504,11.7321
2201010,AGRICOLTURA1,44.36911,11.71268
2201011,CORALLI 61,44.3707,11.71318
2201018,GRIECO 9C,44.3724,11.72419
2201023,TOGLIATTI37A,44.37294,11.72694
2201036,MARUGHETTA22,44.46209,11.73063
2201043,SBAGO 19,44.31575,11.6712
2201044,LOLA 3,44.30809,11.73357
2201045,PIRATELLO 1,44.37258,11.66903
2201053,PIGHINI 18,44.35459,11.71422
2201059,ZANARDI 3,44.36707,11.70353
2201060,ZANARDI 5,44.3665,11.7052
2201065,PASQUALA 3A,44.36976,11.71856
2201073,PIANCASTELL1,44.37547,11.72662
2201076,BENTIVOGLIO1,44.36886,11.72195
2201077,GRIECO 4,44.37189,11.72299
2201081,BALDINI 14,44.36582,11.72315
2201092,DON STURZ10A,44.36927,11.73239
2201095,MARUGHETTA1C,44.45982,11.73383
2201096,CORRECCHIO54,44.41533,11.73536
2201114,SELICE P.54A,44.38306,11.7378
2201116,COLOMBAROTT9,44.38477,11.73836
2203001,TOSCANINI 2,44.34361,11.68694
2203002,FABBRICA,44.30326,11.64134
2203003,CASETTE 5,44.30807,11.6486
2203004,SBAGO 1,44.3241,11.65922
2203006,PAROLI 4,44.33184,11.68042
2203007,DAGOSTINO131,44.35007,11.69874
2203008,PONTESANTO,44.36719,11.69822
2203009,PIRATELLO,44.37105,11.67021
2203011,MILANA 2,44.35868,11.70281
2203012,1 MAGGIO 8,44.3632,11.71447
2203013,CAMPANEL.134,44.35217,11.73145
2203014,SELICE P.39A,44.37089,11.73115
2203015,1 MAGGIO 84,44.37433,11.72344
2203016,LAGUNA 25,44.36448,11.73585
2203017,CASOLA CANIN,44.39563,11.68569
2203018,S.PROSPERO,44.36344,11.77551
2203019,ZELLO 62,44.34532,11.77107
2203020,MOLINO ROSSO,44.3801,11.7384
2203021,UMIDO 1,44.38012,11.75824
2203026,SASSO MOREL,44.41919,11.73725
2203027,RONDANINA 17,44.44273,11.76599
2203028,SESTO IMOLES,44.45585,11.73383
2203031,S.VITALE 194,44.46877,11.76978
2203032,VILLA SERRAG,44.49204,11.7756
2203033,@SPAZZATE SA,44.52624,11.78156
2203043,VILLA CLEL62,44.35622,11.69601
2203044,DEGLI ORTI 4,44.33927,11.69077
2203045,PISACANE 104,44.34853,11.72545
2203048,GIARDINO 10A,44.42225,11.71064
2203049,ORTIGNOLA 27,44.37308,11.71567
2203051,LUGHESE 11A,44.35984,11.74247
2203052,MURA 15,44.39079,11.77694
2203053,PAMBERA 22,44.36212,11.70695
2203054,DEL LAVORO 4,44.36257,11.71927
2203056,PISACANE 142,44.34602,11.72906
2203057,SOLIERI 4,44.35136,11.69821
2203058,CORAGLIA 24,44.35532,11.72177
2203059,MONTECARBON5,44.40739,11.69801
2203060,PONTICELLI,44.31807,11.65153
2203061,PONT.PIEVE35,44.32543,11.60376
2203062,GRAZIADEI 17,44.34743,11.72172
2203063,VALSALVA 8,44.35184,11.71554
2203064,GAMBELLARA62,44.41682,11.75628
2203066,AMENDOLA 72,44.36247,11.69064
2203067,BOVES 19,44.36356,11.70325
2203068,POIANO 9,44.35913,11.72479
2203069,MOLINO RO10H,44.38322,11.73067
2203070,@DI DOZZA 27,44.43134,11.69228
2203071,CARPE 8,44.38404,11.703
2203072,S.LUCIA,44.34866,11.70287
2203073,SBAGO 17,44.31606,11.67077
2203076,EINAUDI 5,44.36788,11.72715
2203079,LAGUNA 42,44.37399,11.75261
2203080,DELLE LASTRE,44.3462,11.70888
2203081,ACQUE MINERA,44.34248,11.70811
2203082,GOCCIANEL47A,44.3173,11.71832
2203083,ASCARI 15,44.33797,11.71918
2203084,CIPOLLA 38,44.32568,11.67136
2203087,DI VITTORI20,44.36451,11.71326
2203088,ANDREINI 16,44.35804,11.70683
2203089,ASPROMONTE25,44.35892,11.71192
2203090,MANFREDI 4,44.35644,11.71184
2203091,COOPERAZIONE,44.36944,11.70437
2203092,BICOCCHINO 1,44.39094,11.74764
2203093,MACCHIAVELLI,44.34866,11.71521
2203095,FORO BOARIO3,44.3549,11.71732
2203096,BUSA 20,44.38522,11.67041
2203097,GRANDI 3,44.36559,11.71535
2203098,BUOZZI 36,44.36751,11.71277
2203099,TIGLIO 4A,44.47613,11.75833
2203102,GRAMSCI 17,44.35332,11.71295
2203104,BORG S.CRIS6,44.34337,11.69078
2203105,GRATUSA 20,44.32554,11.74479
2203107,MARCONI 11,44.35926,11.71462
2203108,SBAGO 6,44.32043,11.66377
2203112,S.P.GRISOLO1,44.35377,11.71463
2203114,LASIE 1A,44.3688,11.74823
2203115,CODRIGNANO40,44.32931,11.68713
2203116,SASSO MOR55C,44.41634,11.74237
2203119,SELLUSTRA21A,44.38889,11.65641
2203124,@MONTECAT15B,44.35664,11.6506
2203127,NUOVA 33,44.42725,11.70124
2203128,ARTIGIANAT16,44.36956,11.7155
2203129,PEDIANO 41B,44.30465,11.70615
2203132,PUNTA 34,44.33928,11.67056
2203134,PISACANE 69D,44.34503,11.73029
2203135,LUNGARA 9B,44.35342,11.77789
2203136,CALUNGA B. 1,44.33473,11.76018
2203139,ORTODONICO2A,44.39111,11.71033
2203142,SBARRETTI 36,44.35598,11.70153
2203145,PEDIANO 35D,44.30848,11.70294
2203147,GRATUSA 1,44.3419,11.74047
2203148,ZAPPI 74,44.35003,11.71551
2203149,DE AMICIS 35,44.35206,11.72056
2203150,MOLINO VEC.6,44.35101,11.72241
2203151,CASOLA CAN73,44.41198,11.67565
2203152,MONTERICCO5A,44.35707,11.68552
2203154,CERERIE 5,44.35108,11.71768
2203155,@LUGHESE 45,44.37954,11.79511
2203156,CONDOTTO 15,44.38449,11.78166
2203157,RAGGI 74,44.49598,11.75817
2203161,VOLTA 4A,44.36015,11.70423
2203162,BERGULLO 4A,44.34192,11.73004
2203164,PUNTA 1,44.34187,11.68601
2203169,TOGLIATTI 93,44.37427,11.7288
2203172,PASQUALA 4H,44.37077,11.71894
2203173,PIRANDELLO12,44.34843,11.69837
2203174,MONTE MELDO1,44.307,11.66609
2203175,@PIOVEGO 2,44.30118,11.65615
2203176,PEDIANO 48,44.29626,11.7023
2203177,S.PROSPER32B,44.36235,11.77108
2203179,NUOVA 19B,44.42907,11.73764
2203180,MARCONI 54,44.36002,11.70206
2203181,DONATI 1,44.37216,11.72801
2203182,SELICE P.101,44.45536,11.79447
2203184,SERRAGLIO 19,44.366,11.72467
2203185,FOSSETTA S50,44.36374,11.7295
2203186,D'AZEGLIO 66,44.35131,11.72416
2203187,CARDINALA 76,44.55628,11.78506
2203188,@CARDINALA71,44.54699,11.78173
2203189,@CARDINALA61,44.53576,11.783
2203190,@BENELLI 12,44.53743,11.76638
2203191,@CHIESA SP13,44.52168,11.77243
2203192,SALUTE 15,44.35696,11.70866
2203193,ALBERONE 3,44.5633,11.78707
2203194,ALTOBELLI 5,44.35751,11.72478
2203195,SELICE P.60C,44.4011,11.7496
2203196,RAGGI 62,44.48741,11.74954
2203197,CORRECCHIO32,44.37891,11.71354
2203198,ZELLO 18,44.35342,11.75579
2203199,CORREC.INF24,44.48296,11.78344
2203200,MURAGLIONE18,44.41287,11.709
2203201,MARUGHETTA25,44.46201,11.72892
2203203,S.VITALE 44,44.45801,11.73037
2203204,PONT.PIEVE28,44.32411,11.61916
2203205,ZOLINO 24,44.37429,11.67816
2203206,MONTANARA339,44.31034,11.64145
2203210,S.FRANCESC36,44.35316,11.69871
2203211,FARINI 10,44.35422,11.72164
2203218,ASPROMONT16A,44.35693,11.71633
2203219,@MONTECAT. 6,44.36409,11.66386
2203220,ZAPPA 7,44.35827,11.67349
2203221,BEL POGGIO10,44.3531,11.66829
2203222,ROSMINI 20,44.35029,11.72668
2203223,PASQUALA 12,44.37514,11.71385
2203224,GOCCIANEL.24,44.33361,11.7272
2203225,DAL MONTE 5,44.36808,11.68676
2203227,CALUNGA B.26,44.31934,11.73956
2203230,CASOLA CAN25,44.38542,11.68784
2203231,REMONDINO 6,44.3906,11.67504
2203232,CASACCIE 6,44.38962,11.69601
2203235,GAMBELLAR43B,44.37933,11.727
2203236,MURAGLIONE8A,44.39798,11.70363
2203237,PRATI CUPI 6,44.40604,11.71275
2203238,XELLA 1,44.3617,11.70554
2203239,SANGIORGI11A,44.36872,11.71762
2203240,SELICE P.43,44.37349,11.73392
2203241,CAPPELLI 2,44.33053,11.70117
2203242,EMILIA PO13B,44.3684,11.67625
2203243,SABBIONI 18,44.31434,11.68502
2203244,CORRECCH.151,44.44192,11.74248
2203245,ORIANI 4,44.34538,11.71783
2203247,FORNACE GUE4,44.45354,11.75347
2203250,CILIEGI 38,44.41459,11.73668
2203251,DANTE 1,44.34998,11.71236
2203252,ZAMBRINI 3,44.37214,11.72119
2203253,FOSSETTA 4,44.37544,11.74496
2203254,ZELLO 21,44.34837,11.76315
2203255,BOCCACCIO31A,44.34705,11.71105
2203256,PUNTA 70,44.33058,11.66127
2203257,GAMBELLARA45,44.38972,11.73563
2203258,SARTONA 1,44.37554,11.68919
2203259,VILLA 36,44.36585,11.6879
2203260,ZARA 1,44.34663,11.69407
2203261,XXV APRILE14,44.3576,11.72235
2203262,ASSIRELLI 5,44.32896,11.69593
2203263,BERGULLO 46,44.31,11.72767
2203264,FUSCONA 5B,44.40493,11.67566
2203265,GOCCIANEL.32,44.32936,11.72687
2203266,SGUAZZALOC8B,44.45062,11.76189
2203267,BUONASERA 2,44.43261,11.70963
2203268,CONDOTTO 5,44.36485,11.76651
2203270,CANALETTA 5,44.39246,11.76224
2203271,MADUNO 6,44.36997,11.7961
2203273,LASIE 9C,44.37458,11.73564
2203274,PEDIANO 18,44.32524,11.71875
2203275,GUALANDI 13,44.36656,11.69052
2203276,NUOVA 28,44.42855,11.71865
2203277,TURATI 16,44.36128,11.7267
2203278,FONTANELLE,44.35426,11.69408
2203279,CORRECCHIO40,44.40274,11.72765
2203280,MARCHESI 22,44.35347,11.72685
2203281,CORALLI 6,44.37152,11.71397
2203282,MOLINO ROSS7,44.3804,11.73457
2203283,MARZABOTTO,44.36465,11.70103
2203284,CORRECCHIO49,44.41438,11.72746
2203285,CHIESA S.PR7,44.37126,11.76083
2203286,MOLINO ROS8A,44.38187,11.73481
2203287,MONTERIC 17A,44.34653,11.67774
2203288,S.SALVATORE4,44.4444,11.71295
2203289,BERGULLO 13A,44.33342,11.73429
2203290,UMIDO 2,44.38495,11.76212
2203292,S.LUCIA 24A,44.34346,11.69889
2203293,VENTURINI 10,44.35191,11.70864
2203294,SAFFI 50A,44.35313,11.70485
2203296,S.APOLLONIA2,44.35541,11.70763
2203297,ALLENDE 7,44.37025,11.72268
2203298,DE ROSA 2B,44.35936,11.71094
2203300,MONTECAT.26,44.34632,11.63491
2203301,PIEVE.S.A. 8,44.33704,11.6056
2203302,SUORE 36,44.34163,11.62307
2203303,RONDANINA 22,44.43372,11.759
2203304,GHIANDOLIN23,44.31578,11.69504
2203306,CRUCCA 2,44.37616,11.70523
2203307,PONT.PIEVE 6,44.3205,11.63288
2203308,BENDINI 1,44.36035,11.70011
2203309,QUARTO 13,44.35508,11.71184
2203310,GHIANDOLIN14,44.333,11.70619
2203311,SGALARAZZA26,44.35557,11.67966
2203314,MONTRONE 1D,44.30318,11.63437
2203315,CURIEL 14,44.35262,11.72666
2203317,VILLA 2,44.36324,11.69388
2203318,EMILIA LE.13,44.33791,11.75315
2203319,ZELLO 11C,44.34472,11.74868
2203320,CELLETTA 7B,44.3421,11.75809
2203321,CORREC.INF12,44.47715,11.77702
2203326,DI DOZZA 44,44.48234,11.73065
2203327,GAMBELLARA65,44.42196,11.76102
2203328,CROCE 33,44.35311,11.72919
2203329,S.VITALE201B,44.47913,11.78683
2203330,COLOMBAROT54,44.38502,11.7394
2203331,BALDINI 6,44.36616,11.72283
2203332,MUSCONI 13,44.36725,11.72381
2203333,SERRAGLIO 46,44.36674,11.72463
2203334,VILLA CLELIA,44.35779,11.69247
2203335,OSPEDALE,44.35879,11.69002
2203339,MASCAGNI 7,44.34975,11.68533
2203341,MASCAGNI 4,44.34897,11.68641
2203342,PUCCINI 59,44.34492,11.68425
2203343,S.VITALE201A,44.46896,11.77629
2203344,ZELLO 1B,44.34486,11.743
2203345,SABBATANI 12,44.37463,11.72522
2203346,BICOCCA 14A,44.38507,11.73213
2203347,DI VITTORIO,44.36873,11.70309
2203348,RAGGI 44,44.47141,11.73828
2203349,DI VITTORI75,44.36717,11.71095
2203352,GAMBELLAR57A,44.40772,11.74939
2203355,BANFI 20,44.35194,11.73326
2203356,BELLINI 3,44.34818,11.68901
2203357,MORINE 10,44.33384,11.65319
2203358,SABBATANI 14,44.37415,11.72427
2203359,ROSSA 10,44.36613,11.70686
2203360,PUCCINI 48,44.34588,11.68616
2203361,BARUZZI 4,44.34657,11.68754
2203363,MORINE 5B,44.33648,11.66081
2203364,MONTECAT. 21,44.35339,11.64455
2203366,MOLINO RO14A,44.38552,11.72513
2203367,@MONTECAT.12,44.35798,11.65468
2203368,LUGHESE 36A,44.37133,11.78165
2203369,S.PROSPER121,44.36519,11.77402
2203370,RONCAGLIE 4B,44.36414,11.6786
2203371,DEL LAVORO14,44.36296,11.71679
2203373,MORINE 14,44.32931,11.6476
2203375,BERGULLO 55,44.30844,11.71646
2203376,ROMEO GALLI,44.34347,11.71141
2203377,CALUNGA B.5,44.32856,11.7536
2203378,PONT.PIEVE 1,44.31849,11.65069
2203379,POGGIOLO 8,44.34181,11.66183
2203380,@DI DOZZA 1,44.42136,11.67824
2203382,CORELLI 35,44.3454,11.68833
2203384,COLOMBAROT58,44.38371,11.73793
2203390,VANONI 12,44.36777,11.71932
2203392,BENTIVOGLI20,44.3688,11.72117
2203393,SELICE P.54C,44.38586,11.74384
2203394,SELLUSTRA 18,44.38312,11.66157
2203395,AUTO. TORRE,44.34481,11.71414
2203396,BRODOLINI 16,44.37305,11.72559
2203397,LUGHESE 33,44.37332,11.77372
2203398,LUGHESE 28,44.37563,11.76831
2203399,MARUGHETTA29,44.46323,11.72697
2203400,CODRONCHI 7,44.35367,11.71679
2203401,RESPIGHI 12,44.34854,11.68943
2203402,MELLONI 2,44.35646,11.71726
2203403,VIGHI 16,44.36857,11.70729
2203404,PUCCINI 33,44.34729,11.68512
2203405,LASIE 20,44.38355,11.71077
2203406,MALCANTONE 2,44.4092,11.68947
2203407,BELVEDERE 2,44.36065,11.69163
2203408,SELLUSTRA 9,44.37916,11.66406
2203409,CAPPELLINE12,44.40377,11.6955
2203410,MARCONI 5,44.35842,11.7166
2203411,ORTODONICO10,44.39444,11.69905
2203412,LUGHESE 44,44.38167,11.78959
2203413,COLOMBAROTT1,44.38619,11.73871
2203416,PUNTA 28,44.34086,11.67251
2203417,RIVALTA 93,44.35234,11.7115
2203418,LAGUNA 3,44.35633,11.72974
2203419,LUGHESE 3,44.35368,11.73597
2203420,@PIEV S.A10A,44.33035,11.5896
2203423,LADELLO 27,44.45161,11.73741
2203425,AGRICOLTUR30,44.37045,11.71264
2203426,GRAZIADEI,44.34558,11.71417
2203428,LADELLO 36,44.4632,11.74606
2203429,LADELLO 40,44.46797,11.74975
2203432,BERGULLO 42,44.3129,11.7329
2203433,STAZIONE FS,44.35877,11.71992
2203434,RONDANINA 9,44.44909,11.77042
2203435,RONCAGLIE 2,44.36319,11.68242
2203436,PEDIANO 1,44.33895,11.71646
2203440,SELLUSTRA 27,44.39581,11.66144
2203444,PASSERINI 17,44.45958,11.72647
2203446,VIVALDI 47,44.34718,11.68289
2203447,BELLINI 70A,44.34675,11.69045
2203448,CASALEGNO 1,44.37106,11.70249
2203449,NERI 4,44.34539,11.68044
2203450,PASOLINI 9,44.3448,11.67932
2203451,OTTONI 4,44.37511,11.71913
2203455,NICOLI 2,44.37421,11.72084
2203456,MERLO 3,44.51028,11.76891
2203458,RIO SANGUIN1,44.34354,11.77997
2203459,ZOPPA 4C,44.34108,11.76761
2203461,CALAMELLI 19,44.35842,11.72586
2203463,FANTI 1,44.36406,11.71048
2203466,MALCANTONE 4,44.41598,11.69496
2203470,LADELLO 61A,44.48312,11.76511
2203471,NUOVA 8,44.42533,11.75195
2203472,DALLA CHIESA,44.34059,11.67635
2203473,S.LUCIA 43,44.34165,11.69355
2203474,BASIAGHE 2,44.36585,11.75603
2203480,CANALE 9,44.32335,11.67384
2203481,ZOPPA 2,44.3371,11.76234
2203484,SMINATORI 26,44.34317,11.69535
2203485,CIPOLLA 46,44.32143,11.67046
2203486,BEL POGGIO 5,44.3596,11.67897
2203488,CAVOUR 64,44.35505,11.71484
2203489,GRIECO 2E,44.37205,11.7241
2203490,LAGUNA 27A,44.36792,11.74151
2203491,LADELLO 19,44.44173,11.72969
2203492,DON STURZO 4,44.36882,11.73186
2203493,MURA 7,44.38372,11.77116
2203495,COLOMBARAZ5,44.37704,11.69532
2203496,AUTO. PADDOK,44.34494,11.71841
2203498,SAFFI 77,44.35589,11.7049
2203499,SFORZA 3,44.35499,11.70681
2203500,TAMPIERI 9B,44.35854,11.69532
2203501,RIVALTA 2,44.35099,11.71413
2203502,CASETTE 6B,44.30487,11.65256
2203503,LOLLI,44.35438,11.70587
2203504,CHIESA S.P11,44.3656,11.77551
2203505,COGE ESTERNA,44.353,11.68847
2203507,SELLUSTRA 25,44.39544,11.65876
2203510,MASSARENTI11,44.37327,11.7296
2203511,PONT.PIEV31P,44.31844,11.60619
2203512,S.VITALE 227,44.45736,11.79179
2203514,CORRECCHIO38,44.39483,11.71939
2203515,MEZZO CAMPO,44.39713,11.72434
2203516,TOGLIATTI 48,44.37618,11.72829
2203517,GARIBALDI 39,44.35359,11.71008
2203519,SELICE 59B,44.39762,11.74694
2203520,DEI COLLI 47,44.34117,11.718
2203521,AUTO TRIBUNA,44.34424,11.7135
2203525,PIO LA TORRE,44.34081,11.67931
2203528,ZANELLI,44.34437,11.69514
2203529,DEGLIORTI13A,44.33506,11.68488
2203530,PEDIANO 31A,44.31794,11.71046
2203531,PASQUALA 8,44.37259,11.71712
2203538,@DI DOZZA 30,44.43504,11.69691
2203539,DI DOZZA 40,44.45961,11.72016
2203540,LASIE SIP,44.3746,11.73266
2203541,LUNGARA 5,44.3503,11.7729
2203542,GRATUSA 7,44.33376,11.74439
2203543,BEL POGGIO15,44.35408,11.65663
2203545,CARPANETO 5,44.45571,11.72324
2203548,MOLINO ROSS3,44.38005,11.73633
2203550,KULISCIOFF26,44.34206,11.67746
2203552,SPALLICCI,44.37272,11.71937
2203553,EMILIA LE.17,44.33404,11.75037
2203554,MONTANARA347,44.30558,11.63796
2203555,MONTANARA 64,44.33327,11.67517
2203556,DEP.SANTERNO,44.35371,11.7373
2203557,PIRANDELLO 1,44.34755,11.70793
2203558,DON STURZO10,44.36734,11.73361
2203560,VESPIGNANA 2,44.41774,11.68315
2203562,ORTIGNOLA24I,44.37194,11.71474
2203564,SASSI 4,44.35278,11.71763
2203566,RONDANINA 6,44.45101,11.77936
2203567,BENDINI 7,44.36044,11.6992
2203569,LUXEMBURG 4,44.34374,11.67752
2203570,SELICE P. 69,44.41019,11.7608
2203572,LEONARDO SUP,44.36147,11.6974
2203574,LA MALFA 1,44.37631,11.73018
2203575,MALATESTA 19,44.37539,11.72176
2203578,GIARDINO 4,44.42067,11.7184
2203579,GARBESI 16,44.35094,11.7042
2203581,CORRECCHIO31,44.38086,11.7087
2203583,TIGLIO 15,44.48094,11.75534
2203584,BEL POGGIO13,44.35312,11.66336
2203585,GAMBELLAR67A,44.42923,11.76566
2203586,TORRETTA 3,44.33549,11.76783
2203587,LADELLO 8,44.4221,11.72563
2203588,CASOLA CAN67,44.40552,11.69131
2203589,FABBRERIE 7,44.47849,11.76268
2203590,RIVALTA 22,44.35205,11.71085
2203591,PASQUALA 18A,44.37548,11.71925
2203593,TOGLIATTI 44,44.37585,11.72755
2203594,@GHIANDOLI28,44.31016,11.6883
2203595,S.PROSPERO 9,44.36011,11.75186
2203597,ALFIERI 5,44.34949,11.71955
2203598,MALCANTONE 7,44.41946,11.70026
2203599,@TRENTOLA 7,44.41624,11.66912
2203600,@DI DOZZA 31,44.44032,11.70375
2203600,Di Dozza 32,44.44046,11.70366
2203601,SELLUSTRA 4,44.37486,11.66294
2203602,PASQUA 4,44.37486,11.79195
2203607,CARDINALA 78,44.55206,11.77257
2203608,CHIESA SES10,44.4484,11.71898
2203610,LUGHESE 23,44.37553,11.75887
2203611,TINTI 1,44.36687,11.69328
2203615,CERCHIARI 7,44.35448,11.71376
2203616,MONTERICCO 1,44.35685,11.69018
2203619,MASIRONI 12,44.32314,11.65411
2203625,SELICE P.43A,44.37338,11.73474
2203626,PATUELLI 7,44.35238,11.69493
2203627,VERDI 7,44.3552,11.7111
2203628,CASE NUOVE 2,44.43497,11.72143
2203629,BERGULLO 25,44.32433,11.73544
2203630,TOSA,44.33606,11.70059
2203632,COLOMBAROTT7,44.38493,11.73867
2203633,CARDINALA 43,44.5298,11.77813
2203634,LASIE 19,44.38367,11.7119
2203635,MONTERICCO 4,44.3588,11.68765
2203637,GAMBELLARA36,44.38199,11.73041
2203638,KOLBE,44.35349,11.69417
2203642,BECCARIA 20,44.36531,11.69831
2203643,GAMBELLARA26,44.37999,11.72994
2203644,TURATI 22,44.36069,11.72806
2203645,GAMBELLARA22,44.37973,11.72943
2203646,TOGLIATTI 6,44.36642,11.72025
2203647,CARPE 4,44.37358,11.69958
2203648,MEZZOCOLLE2A,44.317,11.64239
2203649,PONT.PIEVE16,44.31746,11.6222
2203650,PONT.PIEVE23,44.32499,11.62535
2203651,PONT.PIEVE31,44.32754,11.61634
2203652,BIANONE 4,44.32085,11.59576
2203653,BEL POGGIO 8,44.35324,11.67105
2203655,COGNE 6N,44.36033,11.72106
2203659,VANONI 2,44.36607,11.71971
2203660,EMILIA PO42A,44.37146,11.66474
2203661,CORRECCHIEL9,44.39325,11.72863
2203662,@DI DOZZA 38,44.45428,11.71331
2203663,SELICE P.56,44.388,11.74467
2203665,NOLA 1B,44.32217,11.69067
2203669,GENEVILLIER1,44.36058,11.69206
2203670,NUOVA 10,44.43095,11.74184
2203671,PAPOTTA 1,44.42348,11.73944
2203672,BUDRIESE 6,44.43908,11.77366
2203673,LADELLO 33,44.45753,11.74205
2203674,SGUAZZALOCA4,44.44239,11.75556
2203676,RAGGI 55,44.48101,11.7442
2203677,@CARDINALA 4,44.50936,11.77896
2203679,ORTIGNOLA 21,44.37003,11.71103
2203680,MOLINO ROS11,44.38337,11.7297
2203681,ERCOLANI 16,44.3707,11.73293
2203682,LA MALFA 24,44.37641,11.73318
2203685,ROMAGNA 22,44.36394,11.71902
2203686,LADELLO 25,44.44969,11.7296
2203687,SUORE 15,44.34652,11.649
2203689,ONORIO II 34,44.35014,11.69451
2203690,LINARO 2E,44.3283,11.66472
2203691,GOCCIANEL40A,44.32157,11.72237
2203692,MONTECAT 37,44.3484,11.63318
2203693,MONTECAT.32,44.34465,11.62732
2203697,DEL SIGNORE1,44.48592,11.79565
2203701,BUSA 13,44.38195,11.67873
2203702,OSSERVATORIO,44.33659,11.63798
2203703,COMEZZANO 8,44.34594,11.66175
2203704,COMEZZANO 12,44.34197,11.65228
2203705,SUORE 27,44.3367,11.63103
2203708,MOLINO ROS12,44.3851,11.72658
2203710,BOCCACCIO 27,44.34782,11.7112
2203711,MATTEOTTI,44.35286,11.71469
2203712,BACCHINI 5,44.3772,11.7245
2203714,SANTERNO 4,44.34544,11.72456
2203716,MOLINO ROS9C,44.3824,11.7329
2203718,GRADIZZA 5,44.35102,11.68836
2203719,LANZONI 35,44.34999,11.69102
2203720,MONTEMELD03,44.29845,11.66175
2203721,ZOLINO 50,44.37635,11.67539
2203722,MAZZINI 16,44.35303,11.71374
2203723,CIMITERO PIR,44.36712,11.6687
2203725,FANIN 15,44.36732,11.70915
2203727,CORREC.INF.1,44.47193,11.7714
2203728,S.VITALE 171,44.46243,11.76305
2203729,LUNGARA 14,44.35698,11.7763
2203731,COLOMBAROTT2,44.38602,11.741
2203733,LADELLO 15,44.43705,11.72985
2203734,DI VITTORI70,44.36628,11.70665
2203737,MONTECARBON6,44.40241,11.69994
2203738,DIGA CODRIGN,44.29952,11.6437
2203739,PASQUALA 27,44.37854,11.72145
2203742,FOSSETTA S52,44.36413,11.7293
2203745,MALATESTA 21,44.37543,11.72175
2203748,Remondino10,44.39649,11.6796
2203749,LADELLO 5,44.41525,11.71855
2203754,PEDIANO 47C,44.29276,11.69495
2203758,ZOLINO 4D,44.36852,11.682
2203759,LAMBERTINI 4,44.3611,11.73024
2203760,CORRECCH.154,44.4464,11.74429
2203763,STAZ.PONT.10,44.32001,11.65473
2203764,MOLINOROSS8,44.38186,11.73488
2203765,PEDIANO 51,44.29154,11.69742
2203767,BERLINGUER 2,44.36209,11.72192
2203769,DEL LAVORO 1,44.36105,11.72216
2203774,CONTAVALLE10,44.30776,11.63472
2203776,CONDOTTO 19,44.38764,11.78445
2203777,SUORE 6,44.34893,11.65487
2203778,GRONCHI 55,44.35672,11.72868
2203779,SELICE 211,44.36166,11.72403
2203780,GOITO 13,44.35615,11.72429
2203781,RIMESSE,44.37053,11.73976
2203783,LASIE 10L,44.37681,11.72646
2203784,LASIE 16E,44.38273,11.71295
2203785,Cardinala67A,44.54108,11.77829
2203787,DEL SIGNORE4,44.48755,11.78943
2203788,VENTURINI16E,44.35182,11.7063
2203789,TOMBARELLE1,44.28796,11.66359
2203790,LEONARDO INF,44.3622,11.69954
2203791,LAGUNA 33M,44.37237,11.74682
2203792,DE NICOLA 2,44.38372,11.72121
2203796,GOCCIANELL29,44.33171,11.72771
2203799,CIPOLLA 47,44.32184,11.66729
2203800,MAZZANTI 2,44.36909,11.70293
2203801,PRAMPOLINI,44.37451,11.71692
2203805,BICOCCA 11,44.38712,11.73979
2203808,LADELLO 26,44.44847,11.73493
2203810,AMENDOLA 56,44.3602,11.69564
2203816,MUSA 4,44.31791,11.72969
2203817,ROSSINI 25,44.34564,11.68734
2203818,ZELLO 17,44.34748,11.75743
2203821,PEDIANO 7,44.3326,11.71367
2203822,BICOCCHINO2A,44.38794,11.75031
2203824,MELUZZA 5,44.34673,11.73503
2203826,PUNTA 1.2,44.34175,11.68632
2203827,RIO PALAZZI,44.3395,11.68765
2203828,STARLACCHINA,44.38948,11.77867
2203831,LA MALFA 8,44.37538,11.73251
2203832,PRATICUPI6.2,44.40577,11.71334
2203833,ZELLO 21/A,44.34904,11.76211
2203834,S.VITALE 164,44.45803,11.75579
2203835,LADELLO 30,44.4565,11.74077
2203836,CASACCIE 5,44.38777,11.6963
2203837,SELLUSTRA 19,44.38528,11.66245
2203838,PUNTA 39,44.3356,11.66789
2203839,CORRECCHIO39,44.39959,11.72545
2203842,BUSA 23,44.3887,11.66167
2203843,PONT.PIEVE13,44.3224,11.63141
2203844,LAGUNA 27,44.36663,11.73803
2203849,CASOLA CAN68,44.40693,11.69038
2203850,RAGGI 67,44.49161,11.75309
2203855,S.VITALE 170,44.46064,11.76035
2203856,SGUAZZALOCA3,44.44105,11.75403
2203858,GENTILINA33,44.31465,11.65747
2203863,LUGHESE 45A,44.37877,11.7959
2203864,SELICE 61A,44.4008,11.75554
2203866,ROSSELLI 2,44.34442,11.71605
2203869,DEGLI ORTI10,44.33676,11.68926
2203870,S.PROSPERO18,44.35885,11.76157
2203872,QUERCETO 1,44.38429,11.76404
2203873,ZOLINO 50 B,44.37612,11.67553
2203876,SERRAGLIO 5,44.35962,11.72051
2203877,CORRECCHIO43,44.40738,11.73105
2203878,BICOCCA 10D,44.38576,11.74182
2203879,GALLONE1,44.40036,11.66785
2203880,TERRACINI 13,44.38418,11.72225
2203881,COLOMB LUG 4,44.35962,11.74641
2203882,SELLUSTRA 35,44.406,11.66662
2203883,GAMBELLARA64,44.4209,11.75884
2203885,GAMBELLARA61,44.41712,11.75184
2203886,@STAZ.SESTO2,44.46538,11.7229
2203888,MOLINO ROS3A,44.38148,11.73545
2203889,CASETTE 3,44.31239,11.64926
2203890,BICOCCA 6,44.38178,11.74921
2203893,PONT.PIEVE37,44.32729,11.59351
2203894,GAMBELLARA48,44.39414,11.74014
2203895,SELICE P.23B,44.36982,11.72818
2203896,Condotto 14B,44.38245,11.7801
2203897,RONDANINA 12,44.44522,11.77159
2203898,MANCINI 12,44.41402,11.73708
2203900,Bel Poggio 2,44.36018,11.68729
2203901,GAMBELLAR64A,44.4209,11.75879
2203902,MONTERICCO 3,44.35506,11.69021
2203903,TIROASEGNO12,44.3388,11.70148
2203904,CANALE 37,44.3167,44.3167
2203905,TOMBE4,44.35751,11.75585
2203906,PEDIANO52,44.2906,11.69637
2203911,PATARINI,44.35519,11.73689
2203918,Molino Rosso 2,44.37936,11.73649
2203919,Selice 106,44.36533,11.72639
2203920,Nuova 33,44.42741,11.70119
2219649,Malcantone Enel,44.42542,11.8626
2219710,ENEL Aeroporto,44.40054,11.85224
2240162,POZZO IMPERA,44.56345,10.89036
2260001,Monteorsello,44.41124,10.96396
2260005,Ca'di Lucca,44.35959,10.94675
2260018,Pall.Gaianaz,44.36844,10.9338
2260020,Caseif.Rocch,44.4162,10.944
2260030,Ca'Tezza,44.38449,10.93741
2260033,Lott.Belved.,44.42271,10.97171
2260035,Cer.Appen.,44.4297,10.99324
2260038,Ca'Scarabbia,44.41236,11.00089
2260042,Campo Sport,44.42057,10.96248
2260047,Lot.Sassi T,44.39148,10.96728
2260049,Lt.Chiesa T,44.3622,10.95151
2260052,Lott.Tintor.,44.38253,10.96866
2260054,Nadini Torre,44.43814,10.98851
2260057,Rigenti . T,44.42651,10.96232
2260059,Il Gazzo,44.41538,10.92618
2260063,Il Pozzo,44.43342,10.9368
2260065,Baldoni,44.37629,10.95998
2260068,Ca'Nicola 2,44.35756,10.95729
2260069,Ca'di Biagio,44.43004,10.95372
2260070,Mol.Berleda,44.38387,10.9156
2260087,Le Braglie,44.41546,10.95588
2260089,Pievetrebbio,44.39724,10.9513
2260090,Ca' Giuditta,44.42478,10.97709
2260091,La Buca,44.37267,10.93849
2260204,Monteolo,44.41914,10.95777
2260214,Cidrsaion,44.42071,10.92588
2260602,Roccamalatin,44.39013,10.96432
2260603,Tripoli,44.37309,10.96343
2260607,Rocchetta T,44.42275,10.9519
2260609,Costa Sole,44.3898,10.97503
2260610,Rocchetta,44.41936,10.94188
2260611,Castel.Form.,44.37736,10.94198
2260613,Poggiolino,44.36555,10.9577
2260615,Giusti Enel,44.39367,10.96454
2260617,Frigo Pasini,44.36565,10.94795
2260625,Prosc.S.Gem.,44.36972,10.94865
2260626,La Casellina,44.42618,10.98181
2260627,Baldini Ren.,44.37674,10.96213
2260629,Casazza,44.38273,10.92755
2260631,Ca'Cassanell,44.39926,10.93235
2260634,Lott.Ronzone,44.38739,10.96503
2260636,Antica Pieve,44.40358,10.95654
2260637,Acq. Casette,44.397,10.94342
2260639,Ca'Betti,44.40858,10.97779
2260640,Ca'Grande,44.41414,10.98012
2260641,Lott.S.Gemin,44.42293,10.96406
2260644,S.Margherita,44.3657,10.94803
2260645,Lot.Bosco V.,44.36677,10.96114
2260648,Campazzo . T,44.42826,10.99329
2260650,Pros.Bellucc,44.39715,10.94972
2260653,@Bombere,44.43285,10.99338
2260655,Lott.Querza,44.39288,10.9685
2260656,Prosc S Gem.,44.38867,10.96669
2260660,Ca'Piano,44.41879,10.9291
2260661,Cerreto,44.41108,10.93624
2260662,Ca'Baraccani,44.43627,10.95002
2260664,Scaletta,44.37316,10.93396
2260666,Samoneponte,44.35417,10.92529
2260667,Cervara,44.37732,10.95784
2260671,I Sassi,44.39003,10.95083
2260672,Nuova Bologn,44.38768,10.96633
2260673,Montecresce,44.41021,10.95692
2260674,Ca'Marchino,44.40649,10.96952
2260675,Pratizzola,44.37885,10.96305
2260677,Segheria . T,44.41381,10.96341
2260678,H20 Pieve T.,44.39692,10.94333
2260679,Ca Di Fusaro,44.36309,10.969
2260680,Ca' Zecconi,44.42404,10.97039
2260681,Poggiolrosso,44.37748,10.92146
2260683,Casetta,44.39626,10.98543
2260684,Ex Scuole,44.42579,10.96096
2260685,Ca'Carbone,44.43957,10.9635
2260686,Lot.Convent.,44.42641,10.95646
2260688,Casa Garage,44.4043,10.9573
2260692,Ca' Minghina,44.402,10.96111
2260693,Prosc.Samone,44.36694,10.94723
2260694,V.Marano,44.42834,10.9637
2260695,V.Serravalle,44.42725,10.98585
2301135,FOSSETTE 4,44.38588,11.82689
2301137,TRUPATELLO7A,44.39013,11.84096
2301139,PARMA 1,44.38239,11.84092
2303023,BAGNARA,44.38848,11.82481
2303065,Molinello 4,44.39161,11.85655
2303101,CAPPELLE 9,44.38336,11.8217
2303109,TRUPATELLO16,44.38998,11.84225
2303113,RIPE 25,44.40455,11.84172
2303121,MOLINELLO10A,44.39479,11.84853
2303159,MADONNA 61,44.39603,11.83667
2303207,SEGAZZANO 7,44.38514,11.82903
2303208,ANCHERANI 25,44.39083,11.82891
2303248,SPADARINO 2,44.38678,11.82308
2303272,GIULIANA 7,44.3873,11.8304
2303340,MADONNA 20B,44.39102,11.83152
2303383,MOLINELLO 27,44.39576,11.84487
2303385,PIGNO 16,44.399,11.83313
2303431,PILASTRINO26,44.38226,11.82174
2303464,TRUPATELLO7F,44.39166,11.83814
2303469,TRUPATELLO27,44.39664,11.82493
2303546,RIPE 37,44.4085,11.83183
2303559,@CAPPELLE 7,44.37853,11.83461
2303571,PIGNO 36,44.40945,11.84145
2303576,PESCHIERA 12,44.38683,11.83605
2303641,2 GIUGNO 40,44.39005,11.83296
2303707,PILASTRINO32,44.38054,11.81966
2303715,ERBOSA 1,44.3884,11.81487
2303736,MOLINELLO 11,44.39121,11.85633
2303744,GRAMSCI 26,44.39105,11.82096
2303755,CADUTI LAVOR,44.37938,11.82096
2303820,PIGNO 2,44.3904,11.8254
2303829,PESCHIERA 1,44.38391,11.84318
2303840,TRUPATELLO20,44.39382,11.83263
2303847,PESCHIERA 4,44.38316,11.84593
2303875,ERBOSA 1A,44.3883,11.81388
2351150,MONTEFIORI17,44.44983,11.81203
2351151,MARTIRI LI62,44.45171,11.81153
2351152,MONTEFIORI25,44.44956,11.81273
2351163,1 MAGGIO 2A,44.4485,11.82491
2351166,OSPEDALE,44.4435,11.83094
2351168,DINI SALVA51,44.44142,11.82856
2351171,CIMITERO 3,44.44535,11.83483
2351172,CIMITERO 3A,44.44567,11.83488
2351173,RAVENNA 13,44.44562,11.84078
2351175,RAVENNA 27,44.44722,11.8417
2351178,ZAGANELLI111,44.44249,11.84086
2353010,@CAMPAZZO 25,44.47011,11.8316
2353034,BORGO PESC51,44.44698,11.82283
2353035,IMOLA 72,44.44479,11.82096
2353036,DANTE 15,44.44445,11.83181
2353037,RISORGIMENT5,44.44451,11.82535
2353038,BAGNAROLO 3,44.45049,11.83308
2353039,ZAGANELLI 70,44.44291,11.83862
2353040,CANALAZZO 49,44.4593,11.84527
2353046,ZERBINATO 2,44.46337,11.81414
2353047,A.S.PAOLO 3,44.45122,11.80745
2353055,COSTA 13,44.44859,11.82825
2353074,CROCETTA6,44.46458,11.83481
2353075,S.LUCIA 46,44.42063,11.82638
2353094,CANALE 2,44.45206,11.81694
2353103,@MANZONE 8,44.46989,11.85488
2353118,GARIBALDI 18,44.44669,11.82864
2353120,SERRAIOLI 44,44.45697,11.80224
2353122,MORINI 21,44.44885,11.81451
2353125,RAVENNA 35A,44.44909,11.84321
2353131,IMOLA 74,44.44474,11.82093
2353133,MONTEFIORI38,44.45002,11.81091
2353141,CORONELLA 6,44.49553,11.78384
2353146,PALMIERA 16A,44.43605,11.81698
2353158,BOTTE 11,44.47114,11.79589
2353165,CAMPAZZO 4,44.45915,11.82411
2353166,CAMP SPORTI,44.44164,11.82197
2353170,DINISALVALAI,44.44011,11.82943
2353209,CANAL VECC.4,44.43365,11.79391
2353212,CANAL VECC.6,44.43603,11.78712
2353217,I MAGGIO 1,44.4499,11.82413
2353234,FORNACE SOT3,44.45167,11.82547
2353249,DINI SALV34F,44.44136,11.8255
2353291,CASTELLETTO,44.44325,11.81873
2353305,S.LUCIA 7F,44.43708,11.8368
2353325,POREC 82,44.44841,11.81125
2353353,AMENDOLA 38,44.44207,11.83314
2353386,CELLETTA 9A,44.42876,11.82561
2353387,VIGNOLE 3,44.42772,11.81486
2353388,FELICE 5,44.43242,11.81473
2353391,SELICE PALM,44.44506,11.78833
2353421,GALLETTO 20,44.46939,11.81331
2353422,GALLETTO 10,44.47762,11.82231
2353424,A.S.PAOLO14M,44.44916,11.80601
2353430,MARCHETTI 88,44.44516,11.82423
2353441,TREBEGHINO 9,44.43954,11.8192
2353443,S.LUCIA 40A,44.43287,11.83425
2353457,II AGOSTO 57,44.45275,11.80076
2353465,BAGNAROLO 28,44.45891,11.83892
2353467,CANALAZZO 36,44.46701,11.8472
2353477,SALCA AMI,44.44567,11.82443
2353478,SELICE 2,44.43743,11.78234
2353482,DEPUR.MASSA,44.46088,11.81013
2353513,MARCHETTI34A,44.44464,11.82722
2353526,ROMAGNA 17,44.45644,11.79905
2353532,IV NOVEMBRE2,44.45586,11.80555
2353533,MARTIRI LI58,44.45113,11.81298
2353534,CIMITERO 9,44.44678,11.83644
2353535,RAVENNA 15,44.44596,11.84176
2353547,DOSSO 4,44.45136,11.82263
2353561,BARAVELLI 29,44.44321,11.82936
2353573,REPUBBLIC18A,44.44813,11.82457
2353577,BOLOGNA 1A,44.45095,11.81198
2353618,TREBEGHINO26,44.4426,11.80997
2353620,CASTELLET92C,44.44678,11.81138
2353656,MERLO 11,44.49401,11.79976
2353657,@DEL SIGNO54,44.50132,11.75598
2353664,SANGIORGI14A,44.44079,11.83503
2353666,FELICE 9A,44.43676,11.80031
2353675,MARTIRI LI78,44.45369,11.80577
2353678,ALPI 3,44.44944,11.82114
2353695,TREBEGHINO45,44.44814,11.79361
2353696,MAESTRI LA15,44.4467,11.78929
2353713,BAGNAROLO12D,44.44984,11.83298
2353724,RABIN 4A,44.4464,11.81824
2353726,TREBEGHINO51,44.44761,11.79264
2353740,A.S.PAOLO 13,44.45307,11.8089
2353741,MAESTRI LAV5,44.44859,11.79063
2353750,PALMIERA 13,44.43919,11.80688
2353753,CADUTI LAVOR,44.45017,11.79835
2353756,SCHIANTAMAN3,44.46087,11.85094
2353761,S.ANTONIO 22,44.43892,11.82618
2353768,CASTELLETT92,44.44651,11.81245
2353797,SELICE 9,44.46821,11.80535
2353798,SELICE 13,44.4816,11.81589
2353807,STRADONE 15,44.49716,11.77734
2353809,VISANI 90,44.43878,11.8345
2353811,MONTESSORI,44.43822,11.82993
2353812,DE COUBERTI9,44.44881,11.80352
2353814,RAVENNA 17,44.44693,11.84156
2353815,A.S.PAOLO18A,44.45341,11.81106
2353823,CANALAZZO 64,44.48083,11.84345
2353852,SELICE 7A.1,44.46771,11.8029
2353853,SELICE 7A.2,44.46831,11.8035
2353868,VIGNOLE 2,44.42873,11.81289
2353871,D`ACQUISTO 1,44.44291,11.81888
2353884,EX YOGA,44.44931,11.82431
2353907,POREC 92,44.44814,11.81146
2369243,Del Monzone (Sant'agata),44.46357,11.88127
2371182,LA MALFA 1,44.44162,11.85546
2371183,BELFIORE 9,44.44458,11.85779
2371190,S.VITALE 31,44.43931,11.86072
2373041,S.AGATA,44.44138,11.8596
2373050,BASTIA 38,44.44275,11.86483
2373086,BELFIORE 6,44.44328,11.85753
2373106,GIARDINO 2,44.44693,11.8498
2373138,LUNGA NUOVA6,44.4375,11.87328
2373140,BELFIORE 54,44.4587,11.8688
2373322,S.MARTINO 1,44.43537,11.87737
2373337,RAMPINA 4,44.43409,11.85046
2373389,S.VITALE 88G,44.44416,11.85542
2373414,BELFIORE 31,44.45291,11.86442
2373415,GIARDINE 13,44.45631,11.8565
2373439,BACHELET 19,44.44417,11.86192
2373442,RAMPINA 7,44.43701,11.84454
2373468,ERBOSA 1,44.45057,11.87264
2373475,S.VITALE 3,44.43414,11.8737
2373483,DEPU.S.AGATA,44.45386,11.85504
2373509,MARCORA 31,44.44487,11.8541
2373522,FORNACE 1E,44.44073,11.85531
2373523,CASTELLACCIO,44.45609,11.87664
2373549,@CANALAZZO50,44.47063,11.84733
2373580,GHINEDA 5,44.44131,11.87084
2373617,ANGIOLINA 18,44.44818,11.86131
2373658,BERLINGUER15,44.44156,11.8524
2373683,BERLINGUER 2,44.44245,11.85372
2373694,LUNGA 8,44.43504,11.87136
2373706,@TIGLIO SIN4,44.436,11.85462
2373730,FERMI 84,44.43735,11.88164
2373732,RICCI CURBA4,44.43764,11.87977
2373751,RICCI CURBA1,44.43765,11.87912
2373757,ANGIOLINA 12,44.44668,11.8645
2373766,MANZONI 21,44.43938,11.8607
2373819,@RONCADELLO2,44.42827,11.85463
2373825,TIGLIODESTR1,44.43186,11.87169
2373841,GIARDINO 26A,44.45314,11.8545
2380001,Cond.Grandi,44.3251,10.83858
2380010,Ca'Fabbro,44.33672,10.87753
2380016,Madon.Baldac,44.37975,10.81857
2380021,@Oca,44.37453,10.76359
2380057,Cas.3Torri,44.33128,10.84783
2380066,Italia 68 T,44.31358,10.82989
2380077,Acq.Fontane,44.31538,10.81407
2380078,Iddiano,44.34512,10.87049
2380082,Ca'Natale,44.30348,10.79297
2380084,Coste Coscog,44.38662,10.85955
2380085,Mon.Veronese,44.33155,10.857
2380086,Cost.Vecchio,44.3287,10.86285
2380087,Ca'Tazzoni,44.34135,10.84883
2380088,Forgia . T,44.36817,10.83389
2380090,Ca'Antoniett,44.39854,10.87401
2380091,A.S.Virtus,44.33315,10.8253
2380093,Cas.S.Pietro,44.36952,10.86086
2380096,Co.Bortolini,44.33394,10.83186
2380097,Ca'Vignale,44.37031,10.85213
2380098,Frant.Vivi,44.31499,10.86821
2380099,Fr.Vernano,44.32323,10.86956
2380101,Serra Lavacc,44.31546,10.84168
2380102,Lavacchio So,44.31987,10.85576
2380106,Rio Beton,44.37342,10.82106
2380108,Frant.Fondov,44.32533,10.92672
2380110,Monzanese,44.32006,10.79174
2380112,Renno Contr.,44.30301,10.80787
2380113,Ca'Tabano,44.3512,10.80117
2380114,Le Salde Cor,44.33178,10.89822
2380115,Pozzaccia,44.30703,10.83434
2380116,Fond.Panaro,44.31005,10.90754
2380117,Monticello,44.3204,10.90711
2380118,Campi Nuovi,44.3175,10.91507
2380119,Ca'd'Olina,44.3035,10.77345
2380120,Beccal.Sopra,44.30365,10.78065
2380121,Suore Olina,44.2998,10.76516
2380122,Vibro Bloc,44.32663,10.92694
2380123,Ca'Mattioli,44.36063,10.76258
2380124,Ca'Baracca,44.35897,10.77948
2380125,Az.A.Minelli,44.34183,10.81454
2380126,Marchiani 1,44.33221,10.83244
2380127,Arcate 1 . T,44.33132,10.83134
2380128,Arcate 2,44.33165,10.83203
2380129,Arcate 3,44.33107,10.83224
2380131,Montebonello,44.37418,10.80232
2380132,Lot.Piombini,44.3315,10.82943
2380133,Mucciard. T,44.32927,10.84686
2380137,Verzanella,44.34139,10.82933
2380138,Serra Diport,44.32908,10.83044
2380140,Monterastell,44.32357,10.89601
2380142,Rio Beton,44.28836,10.88051
2380143,Casa Valle,44.2996,10.84278
2380144,V.Boiardo T,44.36256,10.83637
2380145,Lott.Sead.2,44.36131,10.83806
2380146,Chioggiola,44.36526,10.8335
2380147,Falanello T,44.29216,10.8812
2380148,Pontesamone,44.35848,10.91967
2380149,Il Casolare,44.32996,10.82663
2380150,Molino Paolo,44.35523,10.83303
2380152,Rist.Mazzini,44.28593,10.87902
2380153,Bernardoni,44.39587,10.88341
2380154,Prediera,44.33162,10.83752
2380157,Porcia Casta,44.33408,10.92462
2380158,Casolare Cas,44.34668,10.92233
2380159,Distrib.Gulf,44.36649,10.91547
2380160,Meta Spa,44.29815,10.76384
2380162,Minelli,44.33019,10.83347
2380164,Bottegone,44.3608,10.8161
2380165,Ca'Bortoluci,44.36723,10.81919
2380166,Ca'Mianino,44.36803,10.81606
2380167,Laguardia T,44.38707,10.85069
2380168,Comungrande,44.37151,10.89243
2380169,Aschiera . T,44.37744,10.91392
2380170,Usl Ospedale,44.33472,10.83515
2380172,Appennina Pn,44.32625,10.83579
2380173,Rabatta,44.37535,10.85814
2380174,Chiagnano,44.37489,10.86319
2380175,Pian Scuola,44.35744,10.8583
2380176,Scalella,44.36452,10.86682
2380177,Ca'Gatto,44.37255,10.8733
2380178,Carobbio,44.37071,10.88143
2380179,Camurana,44.36308,10.88525
2380180,Pianelli,44.37705,10.89205
2380181,Ronchi Dinar,44.37219,10.90444
2380182,Lo.Benincasa,44.32617,10.83923
2380183,Cogorno,44.34162,10.79473
2380184,Serre Frassi,44.34684,10.76905
2380185,Piscina . T,44.34195,10.83211
2380186,Galeotta Sud,44.31536,10.83151
2380187,Ca'Tonino,44.33763,10.86189
2380188,Lot.Lastalla,44.31036,10.82886
2380189,Ca'Moscaiola,44.34512,10.78901
2380190,Lot.Verica,44.32635,10.90241
2380191,V.Nuvolar M,44.32855,10.82677
2380192,Trenzo . T,44.32841,10.92693
2380193,M.Maramagno,44.32618,10.84287
2380194,Ca'Betta,44.37956,10.83954
2380195,Casa Marzo,44.31613,10.89893
2380196,Bivio S.Ant.,44.37197,10.83397
2380197,Lott.Chiozza,44.37751,10.82667
2380198,@La Monta,44.39041,10.81005
2380199,Costa Rosso,44.35301,10.84077
2380200,Marchioni,44.3055,10.89395
2380201,Ca' Nova,44.29666,10.88745
2380202,Sassomassicc,44.31178,10.87621
2380203,Molin.Modulo,44.30996,10.86388
2380204,Monsale,44.33912,10.87736
2380205,Casa Loppi,44.3422,10.81381
2380206,Ca' Bandiera,44.32882,10.81235
2380207,Pradolino,44.31642,10.80963
2380208,Le Grotte,44.31467,10.80306
2380209,Ca' Bosi,44.38666,10.81489
2380211,Ca'Venturell,44.36217,10.79964
2380212,Miceno,44.34752,10.81657
2380213,Querciagr M,44.3129,10.82826
2380214,Martensi,44.3391,10.82517
2380215,Seg.Bardelli,44.33995,10.82047
2380216,Ca'Baccano,44.3678,10.85158
2380217,Prosc.Verich,44.32821,10.9051
2380220,Tarp Sede3,44.36189,10.83579
2380221,Ist.Cavazzi,44.33504,10.8308
2380222,Casa Badiali,44.34509,10.83631
2380223,Prati Polecc,44.31898,10.88506
2380224,Casa Papi,44.33075,10.8872
2380227,Verucchi,44.30772,10.79163
2380232,Lavachielli,44.29268,10.85306
2380233,Ca'del Sasso,44.27884,10.86429
2380234,Ponte Olina,44.29984,10.78096
2380235,Verzana Rai,44.34815,10.82725
2380236,Ca' Zeccone,44.3764,10.77112
2380237,Pip Casone,44.28153,10.84466
2380238,Lt.S.Antonio,44.36681,10.83719
2380239,Auxilium,44.29634,10.83009
2380240,La Guardia,44.38865,10.84292
2380241,Bivio Olina,44.30653,10.78474
2380242,Castello_ T,44.32732,10.83599
2380243,Mu.Rubaltino,44.38044,10.85508
2380244,Carabinieri,44.32812,10.829
2380246,V.Mercato M,44.33778,10.83377
2380247,Montatone,44.29975,10.80242
2380248,Pradolette,44.27176,10.852
2380249,@Ca Zanaroli,44.39098,10.81852
2380250,Snowball,44.37334,10.83412
2380252,A.A.Fiorenti,44.29766,10.81108
2380253,Vmascagni,44.32845,10.83366
2380254,Il Ponte,44.32803,10.8355
2380255,Conad,44.32926,10.83586
2380256,Inco Colori,44.37923,10.81826
2380258,C.M.F.,44.37183,10.82268
2380259,Tarp Spa,44.36771,10.83384
2380260,Ariete,44.32849,10.83622
2380262,Casa Boretta,44.32463,10.84695
2380263,Telecom,44.33804,10.83177
2380264,V.Liguria T,44.33324,10.83567
2380265,Di Vittorio,44.32872,10.84909
2380266,Italrull M,44.36176,10.83797
2380267,Edil Point,44.32987,10.83439
2380268,Mirage Gran.,44.374,10.82151
2380269,Ca'Franchini,44.36353,10.78013
2380270,Filippucci,44.38646,10.80058
2380273,Campiano,44.33936,10.85815
2380274,Tarp 5,44.36266,10.8381
2380275,Ventaglio M,44.3475,10.83655
2380276,Lot.Piantona,44.3431,10.82944
2380277,Pr.Balocchi,44.32556,10.9002
2380278,V.Giacobazzi,44.32496,10.84065
2380279,Il Poggetto,44.37474,10.79375
2380280,Villa Pineta,44.2988,10.83017
2380281,Lott.Pogg M,44.34344,10.82691
2380282,V.Marco Polo,44.37108,10.83373
2380284,Marchiani 2,44.33184,10.83318
2380289,Meriggio,44.33922,10.90776
2380302,Campo Aviaz.,44.31762,10.82716
2380304,Ca' Matta,44.31143,10.79217
2380305,Piantacr.Ren,44.30795,10.81134
2380307,AcqCirconval,44.33344,10.83311
2380308,V.Gaiato . T,44.29845,10.82807
2380309,Mo.Gibertini,44.3464,10.83358
2380312,Castagneto,44.34219,10.89102
2380313,Crocette,44.35159,10.84908
2380314,Spinzola . T,44.36676,10.8618
2380315,Coscogno,44.39041,10.8647
2380317,Mont.Bonello,44.37273,10.80062
2380320,Ac.Castagnet,44.34542,10.88291
2380327,Frassineti,44.34745,10.7774
2380330,Acq.Sambuco,44.35233,10.8657
2380333,Gneda Verica,44.3263,10.9135
2380336,Smis.Agenzia,44.33812,10.83116
2380338,Croce Benede,44.36436,10.8757
2380340,Canova Nivia,44.31969,10.88079
2380341,Sassoguidano,44.30457,10.87629
2380345,Con.Parco,44.34005,10.83521
2380346,Cond.Domus,44.33485,10.83346
2380347,Acquabona,44.35886,10.84067
2380348,Sasso Gaiato,44.28049,10.81991
2380349,Gaiato Ch,44.288,10.84994
2380350,Fondvl.Gaito,44.27026,10.86064
2380351,Castello Ver,44.32671,10.9062
2380352,Bivio Renno,44.309,10.82165
2380355,Cas.Vitali,44.31693,10.86698
2380358,Sal.Bedonni,44.3269,10.89079
2380359,Budria,44.32739,10.84371
2380360,Monzone,44.32668,10.78827
2380361,Meta Spa,44.30437,10.86186
2380363,Ca'Maestri,44.36466,10.79494
2380364,Mediana,44.32478,10.82233
2380365,Coop.Dragone,44.32695,10.83825
2380367,Svolta Manzi,44.38457,10.82994
2380368,Ca'Messore,44.33665,10.81337
2380371,Mesini,44.33675,10.83263
2380372,Mesini,44.33666,10.83262
2380373,Acq.Pianfelc,44.30103,10.82052
2380374,Ca'Gnezzi,44.39456,10.87901
2380375,Casine Veric,44.32924,10.884
2380400,Sbagola . T,44.32223,10.84762
2380403,Montorso,44.30818,10.84419
2380404,Gold Art Spa,44.37663,10.81887
2380405,Monteobizzo,44.33025,10.83851
2380407,Lott.LaTorba,44.32382,10.83904
2380408,FvspSamone B,44.35229,10.9056
2380409,FvspSamone A,44.34717,10.89697
2380410,La Sbrugna,44.32709,10.82784
2380411,V.Lughetto,44.29983,10.78498
2380412,V.Savonarola,44.36214,10.83469
2380413,V.Casa Barac,44.36137,10.79392
2380414,V.Molinopale,44.36861,10.91534
2380415,Crociette,44.35248,10.84779
2380417,v.monterastello,44.32387,10.89654
2380418,V. Giardini,44.31617,10.83166
2380419,XXII Aprile,44.32603,10.84472
2380420,V. Campiano 11,44.34603,10.85811
2380421,V. Montebonello,44.38552,10.81411
2380422,Via Tacoli,44.33661,10.83518
2380425,Acquedotto Baldaccini,44.38099,10.8202
2380429,La Contrada,44.36564,10.83655
2440011,Capoluogo,44.56089,11.03247
2440013,@S.Anna,44.60561,11.01813
2440014,Gran.Donnini,44.5358,11.03359
2440016,Setti/Ballot,44.57041,11.02739
2440017,Pattarozzi,44.62702,10.99956
2440018,V.Canossa,44.56459,11.03539
2440023,Rossi Rugger,44.58938,11.00459
2440029,Fr.S.Cesario,44.55868,11.01187
2440034,Parmeggiani,44.56083,11.03175
2440035,Vignali Ant.,44.55232,11.03999
2440045,@V.Bisentolo,44.55428,11.04692
2440046,Lo.Bontadini,44.57427,11.03865
2440055,V.S.Giacomo,44.57291,11.00071
2440064,V. 1 Maggio,44.56335,11.03167
2440073,@Bagnese,44.628,10.99924
2440092,Meta.spa,44.57291,11.03304
2440116,Pozzo D5,44.56324,11.01485
2440176,V. Loda,44.56901,11.04171
2440180,T B S Snc,44.55888,11.04174
2440184,Gemini,44.60084,11.01593
2440187,V.d.Esposti,44.56042,11.02553
2440191,V.Liberaz,44.5702,11.02901
2440196,Poliedro,44.59452,11.02681
2440198,Falloppie,44.52826,11.03596
2440200,Stampi,44.5908,11.03106
2440203,Dotto,44.58474,11.02476
2440204,Pisolo,44.58819,11.02533
2440205,Mammolo,44.58508,11.02843
2440206,Cucciolo,44.58521,11.02966
2440208,Brontolo,44.58809,11.03098
2440209,Gongolo,44.5892,11.03031
2440210,V.Pertini,44.53082,11.03647
2440212,Borsari,44.57634,10.99499
2440219,Ghiarelle,44.56431,11.03979
2440224,Mercatone 1,44.62126,11.00328
2440232,Sup.COOP,44.55848,11.04082
2440237,Predieri,44.58472,11.02098
2440708,Gavioli Cant,44.55809,11.04166
2440719,Poz.Barbieri,44.57108,11.03954
2440721,Frig.S.Cesar,44.56803,11.03839
2440724,Ag.S.Adriano,44.53978,11.03685
2440738,Autogru Pm,44.5947,11.02402
2440744,Pilastrel,44.61568,11.01164
2440748,Ghiarole . T,44.55996,11.03971
2440750,Lag Spa T,44.59449,11.02674
2440752,Lot.Rosi Irm,44.56021,11.03036
2440754,Lot.S.Anna,44.59853,11.01791
2440758,Berselli Alb,44.56706,11.03581
2440759,Lot.Autosole,44.56718,11.04021
2440763,V.Agnini Mt,44.56269,11.03935
2440765,V.Ghiarella,44.56735,11.05067
2440767,Modenese . T,44.5902,11.02372
2440769,Lot.Grazios3,44.59201,11.02675
2440770,B.B.S.,44.592,11.02642
2440771,V.Monchio,44.5888,11.01552
2440774,V.A. Rossi,44.5349,11.04214
2440776,RiMa Srls,44.61676,11.01187
2440777,Barracuda,44.53329,11.03458
2440778,@V.Parolaro,44.5569,11.04873
2440781,Lott.Ind.4,44.59114,11.02906
2440782,@Lot.Indus.5,44.59156,11.03139
2440783,S.Antonio,44.56845,11.01002
2440785,Fabriana . T,44.52809,11.04098
2440788,V.L.Idrodin.,44.58953,11.02706
2440789,Az.A.Guerzon,44.5815,11.02612
2440791,Ex Rocca Bos,44.56092,11.0347
2440793,Iseppi Mecc,44.5909,11.02497
2440794,V.Mavora,44.61543,11.00386
2440795,Bellarama T,44.57751,11.00649
2440796,Cartiera Mod,44.56377,11.03351
2440799,V.Bosco,44.58286,11.00435
2440800,Pellicciari,44.60006,11.01678
2440801,V.Bergonzini,44.53907,11.04716
2440802,Glem Gas,44.58828,11.02416
2440804,Vernic.2000,44.59239,11.02691
2440805,Stilma,44.59378,11.02612
2440808,Altola',44.53816,11.03619
2440809,Pz. Santun,44.54307,11.03975
2440810,V.De Giacomi,44.54843,11.03965
2440811,Pozzo D1 .,44.55702,11.03084
2440812,V.Verdi,44.56711,11.0428
2440813,Collina Lore,44.59754,11.02493
2440815,Borghi Moden,44.5773,11.01784
2440817,Pozzo D6,44.55806,11.02719
2440818,Quercia 2,44.5529,11.03684
2440819,C Sportivo 2,44.56236,11.04224
2440820,Grazi Crist.,44.62128,11.00237
2440823,Mac Due . M,44.62189,11.00101
2440824,C.S.C.,44.5915,11.03138
2440826,Costanzini,44.56786,11.02662
2440827,Martiri Art.,44.5355,11.04782
2440828,G P I Srl,44.56739,11.04023
2440829,Idropanaro,44.53612,11.03246
2440830,L.Zagoncina,44.59304,11.03016
2440833,@Falavigna,44.57348,11.04567
2440836,@Benuzzi B M,44.62377,11.00018
2440837,@Mavora,44.61999,11.00581
2440839,Emilplast,44.59151,11.03091
2440842,V.Romagnoli,44.59685,11.0197
2440843,Fili Forme,44.59435,11.02782
2440846,Con.Bon.Reno,44.5299,11.04779
2440847,V.Pioppe,44.56295,11.01887
2440849,V.Artigian.,44.59119,11.02908
2440850,V. Pioppe 2,44.55795,11.0295
2440851,V.Meccanica,44.5852,11.02408
2440852,G.A.Meccanic,44.58815,11.02937
2440853,RAM V.Meccan,44.59044,11.0309
2440854,FV Parolaro,44.55562,11.05132
2440855,OCS v.Meccan,44.59072,11.03073
2440856,Ca' Occa,44.5863,11.00896
2440857,V. Inventori,44.61524,11.00996
2440860,Pagani V.Ind,44.58842,11.02456
2440861,V.Gioia,44.56875,11.039
2440862,V.Molza,44.59011,11.00993
2440863,Via Viazza,44.58374,11.03022
2440865,V. Verdi SGS,44.56651,11.04273
2490001,Pozzo Trenti,44.50283,11.05587
2490007,Ciliegi 1,44.49375,11.04538
2490008,Doccia,44.48031,11.03059
2490009,Ciliegi 2,44.4952,11.04671
2490010,Ghiarelle,44.45436,11.00215
2490013,E.C.O. Sas,44.4957,11.04601
2490014,Bivio Zocca,44.46758,11.01269
2490016,Poz.Barbieri,44.51992,11.04071
2490017,Soc.Calce Af,44.45177,11.0027
2490019,Calc.Vignola,44.47323,11.00879
2490022,V.Mincio,44.46905,11.01241
2490023,Edil.Barozzi,44.46044,11.01411
2490030,Baldi Bettel,44.47,11.00997
2490032,Enalco,44.47009,11.01379
2490039,Castello,44.47576,11.03749
2490040,Ghiarelle T,44.45463,10.99131
2490043,Mat.Ed.Ghiai,44.47511,11.02517
2490044,Samples Syst,44.48444,11.0322
2490045,Fr.Edilcave,44.50381,11.04261
2490046,Fr.Magazzino,44.52157,11.03816
2490048,Pianesani,44.50018,11.05685
2490049,Ex Centralin,44.49364,11.04494
2490051,Frant.Fondov,44.52512,11.03635
2490052,Banc.Popolar,44.49241,11.04574
2490054,Venturelli,44.45139,10.97035
2490056,Mombrina,44.48739,11.05554
2490061,Fr.Fondov,44.52518,11.03506
2490063,Fn.Ferrarino,44.47568,11.03288
2490064,Calc.Marano,44.45058,10.97024
2490065,Vignavecchia,44.48269,11.03696
2490066,Lot.Clo Ciga,44.49138,11.04815
2490068,Franchini,44.50375,11.04969
2490069,Lott.Rosi,44.46981,11.01569
2490070,Caviro,44.50087,11.05907
2490071,Str.M.Rossi,44.49836,11.05615
2490073,C.Costanzini,44.48163,11.03378
2490074,Prosc.Nini,44.47972,11.0309
2490076,Scaglioni,44.46811,11.01557
2490077,V.Berlete T,44.47273,11.01917
2490078,V. Mazzi,44.47257,11.01151
2490079,Montorsi G.,44.46988,11.01852
2490080,Leonelli R.,44.46958,11.00731
2490082,Lot.Curie T,44.48425,11.03784
2490083,Sinibaldi,44.47032,11.00862
2490085,Lott.Peep,44.46755,11.00983
2490086,Stefani,44.46989,11.01564
2490087,Lt.Torreggia,44.46037,11.00112
2490088,Area Peep 1,44.4585,11.00067
2490089,Area Peep 2,44.46076,10.99846
2490090,V.Turati,44.5067,11.04868
2490091,Castiglione,44.45086,10.97452
2490092,Spinella,44.44767,10.95748
2490094,Calce Raffin,44.45272,11.00198
2490097,Soli C,44.47263,11.00756
2490099,V.Galdello,44.47838,11.02956
2490100,@V.Belvedere,44.44198,10.98903
2490101,Acq.Manelle,44.51534,11.04663
2490102,V.Mostino,44.45581,11.00714
2490103,Meta.spa,44.50282,11.04268
2490104,V.Molise,44.48908,11.03832
2490105,@Monticelli,44.48673,11.05119
2490106,V.Gandhi,44.52334,11.04222
2490109,S.Nazario,44.46983,11.01327
2490111,Moscardino,44.4742,11.0263
2490112,@Magaz.Tipog,44.51802,11.0553
2490113,Le.Toschi T,44.45866,11.00373
2490116,Calvigno,44.50967,11.05248
2490117,Maccaferri,44.468,11.01475
2490118,Cent.Comm.Le,44.48016,11.03251
2490119,Distil.Rossi,44.5018,11.04743
2490120,Pozzi Magaz.,44.505,11.04686
2490121,Officine G.A,44.45893,10.99868
2490122,V.Ghiarella,44.45257,11.00221
2490123,Rio D'Orzo,44.46866,11.02382
2490124,V.Doccia . T,44.47705,11.03077
2490125,Pastorelli,44.50592,11.05114
2490126,Torre,44.44515,10.97684
2490127,Spiaggett T,44.45034,10.9718
2490128,V.Gramsci T,44.47908,11.03186
2490129,V. Mincio,44.46693,11.01456
2490130,V.Isonzo . T,44.46852,11.01708
2490131,@V.Pascoli,44.50079,11.06095
2490132,@Minelli,44.48431,11.05175
2490133,Garofano 1,44.4575,10.99904
2490134,Garofano . T,44.46024,10.99597
2490135,V.Che Guevar,44.49365,11.05068
2490136,Dir.Formica,44.47031,11.01095
2490137,V.Costa,44.49273,11.04724
2490138,Bowling,44.47357,11.01021
2490139,V.Lucerni T,44.49661,11.04712
2490140,V.Basilicata,44.47659,11.04393
2490142,Toschi,44.47107,11.01349
2490143,Idropanaro,44.45317,10.9758
2490144,Docc.Chiesa,44.48093,11.03257
2490145,Idropanaro,44.47412,11.01342
2490146,Gallo D'O M,44.46448,11.01191
2490148,V. Cassino,44.4691,11.0014
2490149,V.D.Minzoni,44.51976,11.05199
2490210,Dott.Torchi,44.5023,11.04563
2490215,V.Volturno,44.4675,11.01616
2490257,Dalmine Res.,44.46982,11.02443
2490296,Perla Verde,44.51112,11.05093
2490297,FerSavignano,44.49387,11.04681
2490298,CasaGraziosi,44.48889,11.04396
2490299,V.Genova,44.47176,11.01605
2490300,Agr.Fontana,44.44749,10.99202
2490301,Via.Confine,44.50591,11.05506
2490303,Via Dell'Artigianato,44.45866,10.9976
2490304,V. Sant'Anna,44.48384,11.0331
2490305,V. Ticino,44.47024,11.01502
2490306,PTP Trenti,44.50191,11.05785
2490307,V. Claudia Negrini,44.50014,11.05685
2490308,V. Puglie,44.48029,11.04507
2494901,Agriturismo,44.47345,11.03539
2494902,Fraulini,44.47049,11.03332
2530011,V.Berlinguer,44.53411,11.01818
2530021,Ca'Nannini,44.51087,11.00805
2530022,Domeniconi,44.52598,10.99259
2530023,Coccola S.P.,44.51368,11.01429
2530027,Fr.Spaggiari,44.55263,10.97877
2530033,Corticella,44.56166,10.99452
2530036,@Pz. Grazia,44.53344,10.99029
2530037,Fran.Vezzali,44.56826,10.99477
2530039,Spilamfrigo,44.5205,11.02096
2530041,Tassi Casini,44.55219,10.98406
2530044,Eni Spa Agip,44.53989,11.02322
2530045,Ergastolo,44.5182,10.99209
2530046,Vill.Artig,44.53367,11.01389
2530047,Comune Spil.,44.51881,10.99376
2530052,Gruppo C.B.S,44.53427,10.99822
2530054,Meta Spa,44.5401,11.0285
2530055,Fondo Risaia,44.54816,10.9803
2530057,Ca' Nespolo,44.54299,10.98171
2530064,Sitma Mach.,44.51651,11.02069
2530065,V.Malatesta,44.53024,11.01945
2530067,Area Rangoni,44.52903,11.02496
2530068,Con.Rangoni,44.53075,11.02549
2530069,Lot.Ferrari,44.52655,11.01983
2530070,V. Pelosa,44.53175,11.01743
2530072,Curia Ar. T,44.54345,11.00744
2530073,Campo Sport.,44.53122,11.01067
2530075,Meta.Spa,44.52098,11.0204
2530076,Seminar.Eca,44.5361,11.02036
2530077,Lott.Ferrari,44.55668,10.97488
2530082,Marchesini,44.52377,11.02067
2530084,V.Foschiero,44.55988,10.9868
2530086,V.Medicine,44.56803,10.97431
2530089,M T Snc,44.5455,11.00478
2530090,Lot.Masera 1,44.54433,11.00544
2530091,Masera 2 . T,44.54698,11.00691
2530093,Agop Oleoid.,44.54343,11.00962
2530094,Lot.Ramenghi,44.5365,11.02245
2530097,V.Vivaldi T,44.53059,11.00866
2530098,Area Peep 2,44.53011,11.01361
2530100,Con.Cariddi,44.53013,11.01512
2530101,Cent.Comm.Le,44.5308,11.01257
2530103,Lot.Curia 2,44.54247,11.01099
2530104,S.I.P.E. Sz.,44.50909,11.02059
2530105,Mecc.Essegi,44.54636,11.00521
2530106,Montorsi Nov,44.52393,11.02077
2530107,Ferrari Fung,44.51037,10.99364
2530108,S.Pellegrino,44.52556,11.02107
2530109,P.Tintori M,44.54496,11.00799
2530110,Zanetti Srl,44.5459,11.005
2530112,V. Coccola,44.52129,11.0207
2530113,Barbieri,44.52292,11.02059
2530114,Coop Estense,44.53135,11.02147
2530116,Metanauto,44.54015,11.0123
2530117,V.Tacchini,44.53437,11.02291
2530118,Ex S.Adriano,44.53271,11.02476
2530120,Venturelli,44.53561,10.98366
2530121,Cond.Coralba,44.53543,11.01655
2530122,Az.Agr.Cort.,44.56387,10.99908
2530125,Campocirlo,44.55361,11.00123
2530126,Forn.Ferrari,44.54333,11.01764
2530127,V.Tassoni,44.52077,11.02169
2530128,Sardegna . T,44.52466,11.01913
2530129,D.G.D.,44.53403,11.02587
2530130,Fiat Ciei T,44.50916,11.00933
2530131,Baranzona,44.53354,10.99932
2530132,Vtr S.Damaso,44.54554,11.00468
2530133,I.A.C.P.,44.51856,11.02166
2530134,Zecchina,44.53561,11.00406
2530137,C.T.S.,44.52094,11.02285
2530138,Spinara,44.54746,10.99536
2530139,Fer.Car,44.52107,11.02331
2530140,G.B.S.Srl,44.54701,11.00568
2530142,Magnetic . T,44.51632,11.01964
2530143,Spila Srl M,44.54279,11.00912
2530144,V.Belvedere,44.54944,10.97022
2530146,P. Guerro,44.5675,10.98892
2530147,Montanari,44.54176,11.02072
2530148,V.Macchioni,44.54718,11.02408
2530150,V. Cava,44.53319,11.0199
2530152,Ca'Muratora,44.51345,10.98358
2530153,Sinerti Srl,44.54797,11.02071
2530156,V.Medicin M,44.57439,10.97313
2530157,@V.Collecchi,44.52023,10.97644
2530159,Siderpress,44.54326,11.01044
2530160,Dumeco,44.52452,11.01957
2530162,Sistem Scarl,44.54459,11.00344
2530164,@Ruola,44.52446,10.98854
2530167,Ca' Bianca,44.51332,11.00313
2530168,Pz. Davoli,44.52348,11.00696
2530170,Pz. Galli,44.52557,11.00229
2530171,V.S.Liberata,44.52287,11.00161
2530172,F.C.Spila M,44.53294,11.01184
2530173,Quadrif. . T,44.55915,10.97674
2530174,Far/haripro,44.55026,11.02529
2530175,Pz. Fornac,44.512,11.01951
2530176,Az.S.Pietro,44.54254,10.99684
2530177,I.R.F.,44.53493,11.0238
2530178,Mercantile,44.56602,10.97525
2530181,Lott.S.Pell.,44.52457,11.02375
2530182,Rio Secco,44.54008,10.99955
2530184,@V.Belvedere,44.54158,10.97
2530185,V.Canova,44.53674,11.01052
2530186,Superbox,44.53935,11.02257
2530188,V.Montanara,44.5159,10.99826
2530189,Az.Ag.Zanasi,44.54325,10.962
2530190,Bonacini,44.54574,10.98768
2530192,V.Viazza,44.54695,10.97448
2530194,Ex Sipe 1,44.50828,11.01423
2530195,Mecc. Rossi,44.50942,11.0148
2530196,Ex Sipe 3,44.51139,11.01373
2530197,Ex Sipe 4,44.51075,11.01143
2530198,Ponte Oca,44.52864,11.01778
2530199,V.Majorana,44.56115,10.97477
2530200,V.Bellini,44.53194,11.01297
2530201,Cosmo Acciai,44.51017,11.01342
2530204,Nu Macchioni,44.54983,11.01474
2530207,Gibellini,44.52628,11.02331
2530208,NuovSitma,44.51641,11.02346
2530209,Super G4 T,44.51783,11.02317
2530210,Coop Mur.,44.57333,10.97373
2530212,Frantfond,44.54827,11.02082
2530213,Pissina,44.55451,11.0063
2530214,Pesa Vecchia,44.53766,11.01533
2530217,Carmine,44.5295,11.02171
2530218,R.G.R.,44.51773,11.01841
2530219,Metalta,44.51208,11.01266
2530220,Tesoriera,44.56279,10.98611
2530222,Villa Ida,44.53426,11.02736
2530223,P. Montemaria,44.53568,11.02706
2530225,Zanarini Ort,44.55453,10.97529
2530227,Rio Secco 2,44.54982,11.00351
2530228,Fv Ca'Bianca,44.51729,11.00592
2530229,Bertelli Car,44.51533,11.02099
2530231,C.G.A.,44.5495,11.00114
2530232,@V.Cervarola,44.52924,10.9927
2530233,Ca' Vincenzi,44.55346,10.9943
2530234,Lott.LaVanga,44.53606,11.01243
2530235,V.Montanara,44.52271,10.9942
2530236,V.Corticella,44.56655,10.99593
2530237,V.Settecani,44.54464,10.95739
2530238,S.Liberata,44.52116,11.0216
2530239,V.Panaro,44.51778,11.02316
2530240,V.GuidoRossa,44.51094,11.01144
2530242,Contea S. Liberata,44.52815,11.01675
2530243,Amazon V.Pel,44.54897,11.00088
2530246,V. Settecani 1,44.54277,10.95733
2530247,V. Corti Dep,44.56791,10.99456
2530248,V. Gozzi,44.55012,11.00264
2530846,MANZINI BUCA,44.57573,10.97484
2531359,COMACER S.D.,44.5759,10.97437
2540006,Com Vignola,44.47677,10.99816
2540007,Pozz.Garibal,44.47098,10.98882
2540008,Sola Ettore,44.48048,11.01857
2540010,V.Plessi,44.4796,11.00925
2540011,Prov.Modena,44.47758,11.0058
2540021,Cons.Irriguo,44.46987,10.97757
2540022,Comedil,44.49804,11.02007
2540023,Centr.Latte,44.49173,11.01762
2540024,Bettolino,44.49987,10.98645
2540025,Prosc.Gilli,44.48023,11.01857
2540026,Frigo Soli,44.47715,11.00335
2540027,Gessiere,44.47924,10.99405
2540039,Frigo Boschi,44.48443,11.00112
2540050,Cond.Trenti,44.4792,11.00728
2540054,Sc. Cattaneo,44.47703,11.01001
2540057,Com.Vignola,44.48361,11.01046
2540059,Automac,44.49445,10.99426
2540061,Cond.Demaria,44.48114,11.01075
2540062,Sta.Betolino,44.48881,10.98559
2540063,Il Maglio,44.47836,11.01709
2540065,Condom.Roli,44.47828,11.01191
2540067,V.Sega,44.49989,11.02758
2540068,Cond.Gibell.,44.48169,11.00643
2540070,Con.Corni T,44.47826,11.00143
2540073,Fabbri S.P.A,44.49304,10.99578
2540078,B.Pop.Em.Rom,44.47954,11.01094
2540079,C.Bellavista,44.48449,11.0126
2540082,Banca Crv,44.47841,11.01029
2540084,V.Montanara,44.48148,10.99635
2540086,Tange.Est T,44.49197,11.0144
2540087,Lot.Venturin,44.49213,10.99299
2540088,Giovannini,44.48909,10.99841
2540089,Lott.Sanley,44.47638,10.99036
2540093,Castellino,44.47334,10.95669
2540094,Casa Montors,44.47725,11.00208
2540097,Cond.Rabino,44.47877,11.01139
2540098,Lott.Tosi B.,44.49368,10.99717
2540100,Lot.Muratori,44.49938,11.02203
2540101,V.Prada,44.4931,11.00106
2540102,Piscina Com.,44.47649,11.00692
2540103,C.Cassanelli,44.48222,11.00717
2540110,F.lli.Toschi,44.47816,11.00591
2540111,B.B.B.Srl,44.49442,10.99946
2540114,Cond.Venere,44.48484,11.00526
2540116,Cond.Jolly,44.48708,11.01223
2540119,Imm.Vignola,44.48836,11.00079
2540120,Sandei Dom.,44.49698,11.0204
2540122,Scat.Valeria,44.49628,11.00384
2540123,Peep Artig.1,44.49687,11.00222
2540124,Peep Artig 2,44.49614,11.00475
2540127,Garavini,44.49633,10.99809
2540129,Peep Tangenz,44.48763,10.99956
2540134,V.Goldoni,44.49921,11.01873
2540137,Laghetto Cil,44.50261,11.02402
2540139,Degli Espost,44.48362,11.00632
2540144,CBR Srl . M,44.49783,11.0032
2540150,Fond.Cassa R,44.47665,11.00982
2540151,V.Balestri,44.48692,11.00026
2540152,@Ferri Franc,44.50368,10.98292
2540153,V.Confin.Dep,44.50529,11.02398
2540155,Cherry Grove,44.49329,11.02106
2540156,C.R.C.Pra M,44.49072,11.00056
2540157,Romek . T,44.4921,11.00169
2540159,Nadini Imm.,44.4917,11.00221
2540160,Coralba . T,44.4966,10.99329
2540161,Luccarini Ca,44.49428,10.998
2540163,V.Modenese,44.48775,11.01561
2540164,V.Brodano,44.4932,11.02528
2540165,Casella Gatt,44.4868,11.02496
2540167,Coop Artigia,44.48345,11.00431
2540168,Sinibaldi,44.50336,44.50336
2540169,Prov.Modena,44.48325,10.99798
2540171,Depuratore,44.50674,11.0034
2540173,Barbieri,44.48329,11.00665
2540174,Centr.Baroni,44.47453,10.99783
2540175,Bonfiglioli,44.49789,10.99255
2540176,Pip.Bettolin,44.50742,10.99364
2540177,G.Bellentani,44.50447,10.99374
2540178,Ex Cart.Brod,44.49482,11.02281
2540179,Imm.Galassia,44.48431,11.00209
2540180,Lot.Montanar,44.48606,10.99647
2540181,Impr.Mancini,44.46156,10.98155
2540182,Migliorina,44.46577,10.98708
2540183,V.Garofalana,44.50421,11.01035
2540185,Ex.Pozzo Alt,44.47495,10.99536
2540186,Cond.Ciliegi,44.47647,11.00373
2540187,Super Conad,44.48451,10.99836
2540188,Valcortese,44.497,11.00013
2540190,C.L.A.V.,44.5075,10.9933
2540191,V.Barella T,44.49112,11.00706
2540192,V.Caselline,44.48358,11.00492
2540195,V.Nata.Bruni,44.49502,11.02005
2540196,@Paltriniera,44.48359,10.97146
2540198,V.Giotto . T,44.48142,11.013
2540199,Leonelli R.,44.48177,11.01515
2540201,Leonesi,44.49368,11.00121
2540202,Bressola . T,44.47176,10.96169
2540203,Medici Valen,44.50971,10.99109
2540204,Box Broda T,44.50201,11.01827
2540205,V. Volpi,44.48143,11.00197
2540206,Meta Spa,44.50033,11.02138
2540207,V.Tavoni . T,44.47813,11.00726
2540208,Cas.S.Lucio,44.48423,10.98003
2540210,Acq.Com.Enel,44.48018,10.99028
2540212,Modenaceti,44.48713,11.01104
2540214,Coop/Essequ.,44.48922,11.01247
2540216,Cond.Rigenti,44.48591,10.99775
2540217,Campiglio,44.47652,10.98266
2540218,Naseli Pozzi,44.49363,11.00292
2540220,V.Agnini . T,44.48157,11.00052
2540221,Telecom_ . T,44.48109,11.0065
2540223,V.Bellaria,44.49523,10.99017
2540224,Ist.Diocesan,44.49366,10.98132
2540226,Comune Vign.,44.50689,10.99143
2540227,Cnd.Genziana,44.48137,11.00479
2540228,Edilrigenti,44.48911,11.0136
2540229,Muratori,44.49458,10.99946
2540232,Spallanzani,44.50586,10.99242
2540233,Metaltaglio,44.49464,10.99872
2540234,Trinita'1,44.49855,10.99404
2540235,Trinita'2,44.49742,10.99584
2540236,Solignani M.,44.4976,11.03084
2540237,Ca' Vecchia,44.48122,10.95817
2540238,C.T.S. Snc,44.49858,10.99432
2540239,V. Monti,44.49562,11.01479
2540240,V.Bontempell,44.49743,11.01812
2540241,Centro Alesa,44.50827,11.00847
2540242,V. Doccia,44.48397,11.02584
2540243,Donizetti,44.47638,10.99542
2540244,V. Di Mezzo,44.48818,11.01314
2540245,Lot.Le Corti,44.49775,11.01672
2540247,Usl Ospedale,44.48328,11.01087
2540248,Movitrans M,44.50676,10.99069
2540249,Lazzarini,44.49912,11.01605
2540250,V.Sega 2,44.50048,11.0237
2540252,Ca'Barozzi,44.5016,11.00683
2540254,V. Vigna,44.4775,10.9898
2540255,P.co S.Franc,44.47984,11.00705
2540257,Portello,44.47667,11.00643
2540258,Corte TAV,44.47631,11.00274
2540259,V.Confine,44.50843,11.01192
2540260,Fogazzaro,44.4998,11.02113
2540261,3 Pod 1,44.50314,10.99101
2540262,3 Pod 2,44.50282,10.99193
2540263,Trinit,44.50236,10.99503
2540264,Polo Scol,44.48283,10.99956
2540266,C.so.Italia,44.47858,11.0091
2540267,Barel 2,44.49546,11.00674
2540269,Levim,44.49314,11.01335
2540270,Zanella,44.49421,11.01573
2540272,Nobel,44.50388,11.02145
2540273,Rotonda,44.4906,10.99491
2540275,Lemming,44.5052,11.03161
2540277,Levi P,44.49769,11.02108
2540280,Boschetti,44.49955,11.02139
2540281,C.S.C,44.50189,10.99116
2540282,Marco Polo,44.49202,11.01314
2540283,V. Europa,44.50014,11.01722
2540284,V.Tecnica,44.49466,10.99928
2540285,Coge TLR Vgn,44.4889,11.00383
2540286,V.Marchetti,44.48585,11.00614
2540287,MC Donald,44.49921,11.01937
2540288,Pam.Panorama,44.48846,11.00285
2540289,Mister Web 1,44.49444,10.99911
2540290,Idro Casella,44.48597,11.02898
2540291,Mister Web 2,44.49435,10.99931
2540292,V.De.Industr,44.49701,11.00517
2540293,Rio Schiavir,44.48676,10.9827
2540294,Polo Sicur 1,44.48729,11.00224
2540295,Polo Sicur 2,44.48815,11.00258
2540296,V.De Amicis,44.49622,11.02005
2540299,Flats Service,44.50586,10.99299
2540300,SP.569PerSa,44.50607,10.98816
2540301,V. Paraviana,44.49916,11.00091
2540304,V. Capuana,44.50073,11.02286
2550006,Paradiso,44.33214,11.0332
2550025,Fll.Gherardi,44.34529,10.99387
2550030,Coop Progres,44.3274,10.95839
2550032,Piscina,44.34625,10.99791
2550038,Valpanaro,44.37043,11.00296
2550054,Castellaccio,44.41991,11.0281
2550055,V.Macello,44.35757,10.99659
2550056,Solai Zocca,44.33633,11.00953
2550058,Lot.Sead,44.36973,10.99822
2550059,Osteriola,44.37028,10.99986
2550060,Res.Mascagni,44.34919,10.98712
2550061,Ca'd'Ippolit,44.35259,10.99078
2550062,Lott.Fossa,44.37785,11.00435
2550063,Lot.Giardino,44.37377,11.00595
2550064,Ca'Garabino,44.33347,10.97776
2550065,Osteria Ver.,44.33689,10.98905
2550066,Ered.Manzin.,44.37386,10.9665
2550068,Le Viterelle,44.41137,11.0395
2550069,Ca'Bortolott,44.39399,11.02324
2550070,Lott.Lame T,44.33695,11.01365
2550071,Casa Ghiana,44.33537,10.98597
2550072,Molino Giust,44.34513,10.94077
2550073,Ca'Ronchi,44.33887,10.96358
2550074,Mongardino,44.33607,10.94885
2550075,S.Rocco,44.3233,11.02005
2550076,Casa Gulino,44.32837,10.95589
2550077,Ca'Carlino,44.42466,11.03078
2550078,Ca'Parlatino,44.42057,11.00813
2550079,Baltresca,44.41521,11.01648
2550080,Col.Di Ciano,44.41702,11.03703
2550081,Ca'Mazzoni,44.31907,11.01878
2550082,Montalbano,44.34541,10.97503
2550083,V.Berzo Sz,44.33365,11.01404
2550084,Pedrelle,44.35831,11.00668
2550085,Irubini,44.35826,11.01643
2550086,Ca'Guazzarel,44.33277,10.96184
2550087,S.Giacomo,44.34273,11.01936
2550088,Ca'Ferri,44.34082,11.02982
2550089,Torre Poli,44.36935,10.96731
2550090,B.S.G.S.P.,44.34642,10.99494
2550091,Ca'Pendice,44.32005,10.94839
2550092,Tre Fanti,44.35854,10.97475
2550093,Ca'Puia,44.39021,10.9958
2550094,Ca'Toti,44.38556,10.98932
2550095,Palazza,44.37468,10.97156
2550096,Fosso Bora,44.37677,10.99279
2550097,Ca' Di Sante,44.37171,10.98733
2550098,Ca' Roncre,44.36869,10.97776
2550099,Ca' Toscano,44.35493,10.98151
2550100,Monte Corone,44.37486,10.98295
2550101,S.L.A.,44.42516,11.03634
2550103,Ca' Sancio,44.38395,11.0193
2550114,V.Corneta,44.38776,11.01065
2550202,Zocchetta,44.36392,10.98778
2550203,Montombraro,44.37844,11.00525
2550204,Acq.Montomb.,44.38082,11.01188
2550207,Ac.Montalpin,44.32379,10.97155
2550208,Mattaroz. T,44.33957,10.99496
2550209,Trappola . T,44.31941,11.01002
2550212,Molino Pigna,44.4047,11.0332
2550213,Mol.Jacone,44.42524,11.01727
2550219,Le Selve,44.34772,11.00997
2550221,Ca'del Rosso,44.35072,10.95198
2550222,Bettolino,44.39449,11.00686
2550223,Casea.Rosola,44.33078,10.98417
2550224,Coop.Pr.Zocc,44.34808,10.99335
2550226,Acq.Ca'Cotti,44.34619,10.96527
2550227,Ca'Miro,44.31246,11.01258
2550229,Cond.Parini,44.3441,10.99723
2550231,Lame,44.33386,11.01341
2550233,Meta Spa,44.34594,10.98018
2550234,La Fontana,44.37369,11.00812
2550235,Il Termine,44.37524,11.0189
2550236,I Beghi,44.30584,11.01162
2550237,Casa Sansoni,44.33308,11.02073
2550239,M.Questiolo,44.32998,10.97508
2550240,V.Verucchia,44.33526,10.99339
2550241,I Poggi 2,44.33349,10.99032
2550242,Succi Stefan,44.33714,10.99405
2550243,Lot.Campazzo,44.38309,11.00529
2550244,Lot.Bondigli,44.34618,10.99106
2550245,Lott.Cerreto,44.34072,10.99812
2550247,Meta Spa,44.35822,10.99732
2550248,Caseif.Ciano,44.41285,11.02778
2550251,Persiana . T,44.40934,11.01169
2550252,Cond.I.Ce.Zo,44.34307,10.99476
2550253,Frabine . T,44.36654,10.99198
2550267,Ca'Cristofor,44.3536,10.96946
2550269,v.Tezza,44.34516,10.94081
2550270,V.Sgarabatto,44.32792,10.95195
2550271,V. Macello,44.35515,10.99468
2550272,Stalla Zanni,44.38685,10.99975
2550273,V. Serre,44.37433,11.00823
2554905,Stalla Zanni,44.38686,10.99985
2554906,Discarica,44.34062,10.93824
2554907,Fontanazzo,44.35869,10.94221
2570029,Sega Ospit.,44.16905,10.79824
2570037,Ca'Muriana,44.24066,10.8114
2570042,Dardagna,44.22459,10.84725
2570049,Pian Farmia,44.19774,10.81125
2570052,Pra Valer.Al,44.20437,10.7534
2570053,Pra.Valer.Bs,44.20317,10.75589
2570054,Capanna Cimo,44.20056,10.73073
2570056,Cella Sotto,44.21629,10.80568
2570057,Lot.Neruzzi,44.20844,10.78997
2570058,Ricci Ospit.,44.19294,10.79599
2570059,Euro 2000 M,44.20938,10.79301
2570061,Italtractor,44.21996,10.80816
2570063,Forconi,44.18389,10.79791
2570064,Sorg.Em.M M,44.16444,10.79345
2570066,Sem Spa,44.21501,10.80645
2570067,Pedrocco,44.20933,10.79645
2570068,Ca'Bortolone,44.2074,10.74098
2570069,Canevare,44.20025,10.76039
2570070,Cap.Tassoni,44.1547,10.7794
2570071,Casa Rughino,44.19535,10.76596
2570072,Lotta,44.22319,10.80046
2570074,Teggia Andr.,44.15552,10.79078
2570075,Sip Enel M,44.21088,10.79475
2570076,Ca' Galletti,44.22568,10.83378
2570077,P.za Marconi,44.20769,10.79512
2570078,Casa R.,44.18385,10.74338
2570079,Casa Palazza,44.20985,10.75241
2570080,V.Sasseto M,44.20156,10.79436
2570082,La Borina,44.18742,10.7947
2570084,V.Fondovalle,44.23495,10.83197
2570085,Valle Leo,44.23059,10.82561
2570101,Gas Metano,44.22105,10.82082
2570103,S.Croce,44.21881,10.8087
2570105,Le Grane,44.21011,10.79809
2570106,Scuole Aba',44.20573,10.78925
2570107,Campo Sport.,44.20959,10.7928
2570109,Trentino,44.23853,10.82065
2570110,Valle Leo,44.21999,10.81584
2570113,Trignano,44.21074,10.84075
2570114,Serrazzone,44.20565,10.81183
2570119,Fellicarolo,44.18837,10.75748
2570122,Ospitale,44.16546,10.7908
2570123,Superchina,44.21337,10.78515
2570125,Fedregnini,44.20684,10.79754
2570127,Cas.Lume Gro,44.20709,10.77269
2570128,Ca'Ghirotti,44.16164,10.78874
2570130,Casinetto T,44.22326,10.81164
2570131,V. Pergola,44.21217,10.80002
2570132,Colombano,44.18082,10.7393
2570133,Ca'Tognone,44.23232,10.82293
2570134,Coop Caseari,44.23498,10.82885
2570135,Lt.M.disotto,44.21405,10.79812
2570136,Val Di Luce,44.19981,10.78
2570138,Ca'Ivo Castl,44.23563,10.84239
2570139,Lo.Magnolino,44.2075,10.78628
2570140,Metaltract,44.21175,10.80069
2570143,Cim.Intermed,44.19565,10.71251
2570147,Montemezzano,44.17861,10.79918
2570148,Trenton Srl,44.21681,10.80532
2570149,Ca'Frati,44.21227,10.77585
2570150,Pian Margher,44.20711,10.78244
2570151,I Ponti,44.20324,10.79726
2570152,Fv I Tigli,44.21404,10.81902
2570153,V.Molino Tre,44.22745,10.82862
2570155,V. Fondovalle 2,44.23411,10.83152
2590001,CENTRALE,44.63898,10.92257
2590002,V.RIBERA,44.62929,10.9048
2590003,POMPOSA,44.64879,10.92492
2590004,ACCADEMIA,44.64887,10.92847
2590005,CASTELLO,44.6524,10.93363
2590006,MANEGGIO,44.64731,10.93292
2590007,S.PIETRO,44.64132,10.92961
2590008,MUNICIPIO,44.64593,10.9265
2590009,V. SARAGOZZA,44.64266,10.92616
2590010,FORO BOARIO,44.64985,10.92155
2590011,CAS.PISACANE,44.65181,10.91325
2590012,VIII CAMPALE,44.648,10.91417
2590013,CASE NUOVE,44.6545,10.91533
2590014,V.RAZZABONI,44.65823,10.91876
2590015,FIAT OCI,44.66093,10.92429
2590016,NONANTOLANA,44.65379,10.9406
2590017,V.S.BUZZALIN,44.69129,10.87148
2590018,MULINI NUOVI,44.6666,10.94459
2590019,RIZZI,44.65469,10.93257
2590020,ARC.B.POPOLA,44.6631,10.94376
2590021,V.LANCILLOTT,44.65397,10.93564
2590022,V.CERRETTI,44.65442,10.94367
2590023,V.PIAVE,44.64895,10.93834
2590024,CIRO MENOTTI,44.64568,10.93563
2590025,V.D.GAMBERO,44.64069,10.93808
2590026,SALICETO P P,44.63839,10.94703
2590027,FONTERASO,44.64723,10.93001
2590028,VIGNOLESE P.,44.63272,10.93849
2590029,V.VACIGLIO,44.61158,10.93922
2590030,COLLEGAR.SC.,44.61657,10.95095
2590034,V.CAMPOBASSO,44.62355,10.94952
2590036,S.DAMASO BO,44.6041,10.96809
2590037,ZUCCHI V.GR.,44.61406,10.99215
2590038,V.GIUNCO,44.58723,10.97047
2590039,S.DONNINO B.,44.5821,10.97345
2590040,BUON PASTORE,44.63296,10.92039
2590041,V.PANNI BARB,44.62857,10.90071
2590042,V.D.CHIESA S,44.62474,10.8958
2590043,S. STAZIONE,44.61982,10.89677
2590044,SAL. BORGATA,44.62003,10.89125
2590046,V.CADIANE G.,44.61212,10.87353
2590048,V.BONASIA,44.64495,10.90884
2590049,COGNENTO,44.63659,10.86888
2590050,S.FAUSTINO C,44.64038,10.91101
2590051,S.CATALDO,44.66042,10.90908
2590052,CAB.LOCALE,44.66113,10.89923
2590053,LA FAZENDA,44.58015,10.91194
2590054,ROSTA L'ASIN,44.66677,10.89859
2590055,LESIGNAMA C.,44.68295,10.88121
2590057,VIA S.ORSOLA,44.65141,10.92802
2590058,TEL.DI STATO,44.66752,10.92934
2590059,COND.POETA,44.63758,10.91052
2590060,TEAT.STORCHI,44.64335,10.93111
2590061,FOSSA MONDA,44.65105,10.96812
2590062,CAB.LOCALE,44.66111,10.92501
2590063,S.ANNA,44.6647,10.91405
2590064,V.COLLEGAROL,44.62091,10.95358
2590065,CAVANI,44.57551,10.93791
2590066,VILLA IGEA,44.61531,10.89037
2590067,PONTE BASSO,44.67638,10.93209
2590068,S.MARTINO MC,44.58321,10.91957
2590069,CANTONE MUGN,44.59832,10.92922
2590070,LESIGNANA SM,44.68558,10.89306
2590071,MUL. VACCARI,44.69516,10.89233
2590072,PANINI V.PO,44.64907,10.89888
2590073,MULINO S.AMB,44.61965,10.9903
2590075,ZUCCOLI VILL,44.69945,10.94851
2590076,MACELLO CIAM,44.59341,10.95164
2590077,PAGANINE BOR,44.58895,10.94761
2590078,PORTILE BORG,44.58123,10.93899
2590079,ZOOTECNIA,44.65826,10.94165
2590080,V.SCANAROLI,44.63897,10.93897
2590081,BERTOLA FIUM,44.68173,10.93692
2590082,ALBARETO BOR,44.69045,10.96795
2590083,CHIESA MUGNA,44.59389,10.92528
2590084,S.MATTEO CH.,44.68998,10.94221
2590088,H.S.AGOSTINO,44.64899,10.92208
2590091,CANTONE,44.71323,10.96437
2590093,C.SP.VILLANO,44.6902,10.91492
2590094,S.CHIARA,44.64635,10.92184
2590095,S.FRANCESCO,44.64274,10.92036
2590096,NASI,44.68522,10.93914
2590098,P.GRIZZAGA,44.60435,10.94405
2590099,ROSSI MOTORI,44.65317,10.87578
2590101,GHERBELLA AU,44.59838,10.93931
2590102,V.FOSSA BURA,44.60456,10.86447
2590104,V.DOTTA,44.69514,10.98425
2590105,V.MORSE,44.64453,10.91302
2590106,CASEIF. ORSI,44.6181,10.85341
2590108,AGAZZOTTI,44.57183,10.93519
2590109,STALLONE MON,44.61756,10.99492
2590111,V.LEOCAVALLO,44.64077,10.94292
2590112,MONTECATINI,44.6098,10.99695
2590113,V.GALLUCCI,44.64348,10.92841
2590114,AGR.MONTORSI,44.64016,10.83864
2590115,CANEVAZZI,44.63036,10.84491
2590116,PONTE NUOVO,44.69766,10.96167
2590120,VIAZZA CIT.N,44.64805,10.83605
2590121,PORCILAIA,44.70272,10.96759
2590123,MUL.MARZAGLI,44.63877,10.80634
2590125,V.ALAMANNI,44.67542,10.89954
2590126,ITI CORNI,44.64948,10.91791
2590128,VIGNONI,44.62125,10.98801
2590130,V.CAVE PAOLU,44.57325,10.94056
2590131,V.FATTORI,44.64202,10.91337
2590132,POZZO VILLAN,44.5819,10.92042
2590133,CANT.ZUCCOLI,44.70478,10.95437
2590134,BISI,44.6334,10.93568
2590137,RAMAZZINI H,44.64888,10.92214
2590138,S.LO CAMURRI,44.67451,10.95888
2590139,V.PER VILLAN,44.67586,10.90492
2590140,POZZO FERRAR,44.61572,10.8711
2590141,P. CARNEVALI,44.63618,10.82229
2590142,LANC.ROVIGHI,44.62853,10.8185
2590143,POZZO ROVIGH,44.62504,10.82295
2590144,B.AGR.MANTOV,44.63991,10.91057
2590147,V. AMARI,44.65096,10.8674
2590148,PALLAMAGLIO,44.60867,10.88888
2590149,CINEMA ASTRA,44.64773,10.92598
2590150,COLFI ARMENO,44.61214,10.91085
2590151,DIR.S.LAZZAR,44.63843,10.94628
2590152,POZZO CUOGHI,44.6415,10.80202
2590153,DOTT.COPPI,44.67976,10.93206
2590154,V.MORGAGNI,44.64051,10.90925
2590155,POZZO CHIARL,44.58506,10.93306
2590156,ITALACCIAI,44.62907,10.97361
2590157,S.LLO PONTE,44.59349,10.93589
2590158,PONTE GHIOTT,44.59377,10.93083
2590160,CUOGHI PRAMP,44.63195,10.79871
2590165,V.VOLTONE,44.64951,10.92418
2590166,P.NOTARI BOR,44.63297,10.84677
2590167,V.SELMI,44.64434,10.92452
2590168,V.RICCARDI,44.62894,10.94371
2590169,V.SCARTAZZA,44.61403,10.97687
2590170,V.S.VINCENZO,44.64683,10.92827
2590171,V.PAGLIANI,44.63559,10.92397
2590173,PM GRU,44.62896,10.96525
2590174,V.PAVIA,44.62437,10.92789
2590175,INA NORD,44.66324,10.92884
2590180,IDROBITUMI,44.6362,10.97989
2590182,PALAZ. SPORT,44.65148,10.91985
2590183,SPIGOLON,44.62056,10.96021
2590185,HOBBY BOX,44.61236,10.95819
2590186,V.PALESTRO,44.6528,10.93034
2590187,PISC. DOGALI,44.65496,10.92226
2590188,V.G.B.MARINO,44.65785,10.86153
2590189,PERLINA,44.65751,10.97774
2590190,CIMAROSA,44.63749,10.94867
2590191,BERNARDINA,44.63689,10.93372
2590192,CAB.LOCALE,44.6576,10.90969
2590193,COND.BARBIER,44.64146,10.93633
2590194,RONCAGLIA,44.6316,10.94691
2590195,S.FAUSTINO S,44.64244,10.91605
2590196,PRAMPOLINI,44.63765,10.92899
2590197,V.LANA,44.64074,10.91782
2590198,BIANCHINI AD,44.6512,10.89888
2590200,LEONCINO,44.65491,10.90698
2590201,BOTTI,44.66796,10.9643
2590203,EX FIAT,44.65392,10.91151
2590204,FR.COTTAFAVA,44.63316,10.79143
2590205,PR.META SPA,44.65958,10.91667
2590208,CIALDINI CAV,44.65665,10.91861
2590209,PONTE ALTO,44.6701,10.89997
2590210,IPPODROMO,44.60788,10.91569
2590211,VOLPI S.DONN,44.57914,10.97338
2590212,V.LIVINGSTON,44.65584,10.88521
2590215,FF.SS.,44.65402,10.93178
2590216,V. FORCIROLI,44.6575,10.90049
2590218,POLETTI G.S.,44.64875,10.93695
2590221,ACC.LAVANDER,44.64812,10.92997
2590223,V.BARBIERI,44.64106,10.92278
2590224,MALMUSI,44.64072,10.935
2590225,V.CARANDINI,44.64405,10.92595
2590226,ACCESSAUTO,44.62939,10.96937
2590227,POZZO BORDIN,44.58741,10.90938
2590228,ORSOLINE,44.65036,10.92596
2590229,CHIARLI,44.65978,10.93041
2590232,VILLAVARA M,44.6841,11.00285
2590235,FIORANI,44.63876,10.90705
2590236,C.DI COMMERC,44.65054,10.9268
2590237,BELLE ARTI,44.64939,10.92712
2590238,GAR.FERRARI,44.64237,10.93402
2590240,ACQ. BURANA,44.642,10.88067
2590242,EX SILINGARD,44.65462,10.93481
2590243,SCACCHETTI,44.64159,10.91022
2590244,BONI OFFICIN,44.62862,10.96591
2590246,BERTERO,44.6609,10.92277
2590248,CAB.LOCALE,44.63328,10.89894
2590250,V.ARGIOLAS,44.61211,10.92121
2590251,EX MASERATI,44.67937,10.98941
2590253,AERONAUTICA,44.64114,10.94683
2590254,V.MARESCOTTA,44.6475,10.92193
2590255,CUOGHI V.POL,44.65031,10.93567
2590256,SIMCO,44.63211,10.79086
2590257,V.VITE,44.64544,10.92283
2590258,COND.CIMONE,44.64568,10.93927
2590259,G.PUBBLICI,44.65136,10.93196
2590262,POZZO PAGLIA,44.62522,10.78905
2590264,STOCC. GAS,44.62493,10.9209
2590265,POZZO PANINI,44.60786,10.83142
2590266,V.DEL POZZO,44.63698,10.94088
2590267,TARQUINIA 1,44.62143,10.94032
2590268,CIPPO,44.66331,10.88037
2590269,S.EUFEMIA,44.64666,10.92416
2590270,UNI.GEOLOGIA,44.6463,10.92376
2590271,VIAZZA CITT,44.63381,10.82786
2590272,V. BIAGI,44.65548,10.89846
2590274,FRENI MIRELL,44.61518,10.83661
2590276,POZZO NOTARI,44.64253,10.8217
2590279,C.MED.D'ORO,44.6365,10.92985
2590280,SC. RUFFINI,44.64643,10.91659
2590281,FR.CAVE EMIL,44.59668,10.99213
2590282,V.UDINE,44.63065,10.92455
2590283,EX SAICEM,44.64154,10.93972
2590285,MAACE,44.62652,10.92576
2590287,V.TORRE,44.64772,10.92712
2590288,V.PALERMO,44.61485,10.93907
2590289,COND.NERUDA,44.63594,10.93507
2590290,S.LLO BARCA,44.58037,10.97904
2590291,V.VALLI,44.63096,10.91318
2590293,IST. CORNI,44.64946,10.91794
2590294,V.STRINGA,44.64309,10.90886
2590295,V.MOREALI,44.63784,10.93706
2590296,V.S.MARONE,44.62524,10.8868
2590297,VICOLO FOSSE,44.64547,10.92971
2590298,ANESINO,44.66065,10.89014
2590299,ROYAL PRESS,44.59813,10.97445
2590301,SIMCA FOSSAL,44.62437,10.97715
2590302,V.VERDI,44.64318,10.93606
2590303,COND.S.FRANC,44.64205,10.9212
2590305,TELECOM CABA,44.65586,10.90674
2590307,ARCH.D.STATO,44.64987,10.92826
2590308,V.CADUTI.GUE,44.65042,10.93396
2590310,NUOVA TERIM,44.60345,10.86545
2590311,P.GEN.PIRAND,44.62983,10.8885
2590312,V.WILIGELMO,44.63691,10.91509
2590314,FINI MULINI,44.66324,10.94476
2590316,V.MARZABOTTO,44.63456,10.93661
2590317,CAVE COTTAFA,44.65273,10.80202
2590318,BELLENTANI,44.63522,10.91982
2590320,POZZO VENTUR,44.57047,10.94493
2590321,V.SALICETO P,44.63921,10.95027
2590322,S.LLO NAVA,44.5973,10.91046
2590323,AZ.AG.CAVEZZ,44.59919,10.84447
2590324,SUPERM.PLUS,44.64199,10.93293
2590325,CIV GANACETO,44.69713,10.89206
2590327,VICOLO FORNI,44.64487,10.92506
2590328,S.CUORE IST.,44.65212,10.9165
2590330,V.GAVASSETI,44.65294,10.8977
2590331,V.MAR TIRREN,44.65209,10.94633
2590332,V. BIONDO,44.65421,10.90139
2590333,FIORDALBA,44.66314,10.93067
2590334,OFF.BORGHI,44.63632,10.95269
2590335,ALEMANNI,44.63991,10.93277
2590337,EX INCAM,44.62255,10.97817
2590338,IPP.SCUDERIE,44.61195,10.9176
2590339,V.D. ESPOSTI,44.63434,10.94744
2590340,STANDA,44.64509,10.92848
2590341,V.PAINI,44.64515,10.9428
2590342,S.LO MASETTI,44.71308,10.90294
2590343,HANSB.FRITZ,44.65772,10.91613
2590346,V. AMICI,44.64069,10.9213
2590349,STR.STAZIONE,44.61272,10.88912
2590350,POZZO FERRET,44.65132,10.80851
2590352,OBI,44.62933,10.96927
2590353,FIORI,44.66009,10.96343
2590354,IST.INFANZIA,44.62593,10.94807
2590355,RUA MURO,44.64469,10.92065
2590357,UTIT,44.6388,10.95433
2590359,V.ARALDI,44.63148,10.94681
2590360,CORCIOLANI,44.61534,10.88675
2590363,V.CANTELLI,44.64357,10.93522
2590366,PONTE GUERRO,44.5725,10.98489
2590368,COND.CASALI,44.6444,10.91642
2590370,PALEST.JOLLY,44.63432,10.90954
2590371,V.PUCCINI,44.64495,10.93748
2590373,V.BERTOLA,44.67981,10.94628
2590374,DIREZ.COSTA,44.65575,10.91463
2590375,CASETTE,44.59766,10.88356
2590376,INA EST,44.66202,10.92815
2590377,V.BRUNELLESC,44.63258,10.91607
2590378,V.RANGONI,44.64736,10.91239
2590380,INA OVEST,44.66346,10.9255
2590382,ARTONI,44.69591,10.97608
2590385,BOMPANI V.UC,44.65778,10.89341
2590387,V.RICCOBONI,44.64367,10.91855
2590388,V.BARALDI,44.63574,10.92742
2590389,VILLA ROSA,44.63066,10.91942
2590390,CAB.LOCALE,44.62965,10.94053
2590392,MINUTARA,44.65686,10.95797
2590393,AUTOSTR.MO S,44.5761,10.98396
2590398,B.P.E.R.,44.64555,10.92687
2590399,ACQ.COGNENTO,44.6392,10.89181
2590402,FINI AUTOSTR,44.66341,10.85748
2590403,A1 MODENA NO,44.65395,10.86711
2590406,IST.BAROZZI,44.65253,10.91925
2590407,S.CLEMENTE,44.70165,10.98845
2590408,POZZO BERTI,44.5866,10.9014
2590409,V.GIORDANO,44.63501,10.95623
2590411,V.TAGLIO,44.64843,10.92659
2590412,V.MONTECUCCO,44.6534,10.92566
2590414,V.3 CASE ACQ,44.5856,10.9735
2590415,ROSSI V.BAGN,44.69841,10.89094
2590416,SCAGLIETTI,44.63482,10.95931
2590417,V.ALBARETO T,44.65972,10.94632
2590418,V.VIVALDI,44.63758,10.95083
2590419,V.BARBERINI,44.63177,10.90383
2590420,V.PONTE FERR,44.67068,10.91719
2590422,V.LE REITER,44.64583,10.93316
2590423,V.CREMONA,44.62554,10.92827
2590424,V.SCARLATTI,44.63213,10.96559
2590425,INDUSNOVA,44.65091,10.90025
2590426,FRANT.TURCHI,44.63806,10.79751
2590427,BALESTRAZZI,44.64111,10.91388
2590430,S.GIOV.BOSCO,44.64389,10.939
2590431,COND.PICCIOL,44.63957,10.92967
2590432,SERAFINI,44.63416,10.95303
2590433,CONTE GRANDI,44.70445,10.97305
2590435,V.BRIANI,44.63676,10.93059
2590436,V.BELLINI,44.64573,10.9383
2590437,COND.MORANE,44.6387,10.92592
2590438,V. DE AGOSTI,44.65771,10.88997
2590439,C.CAVOUR,44.64989,10.92912
2590442,LEO,44.65603,10.87671
2590443,SIRENELLA,44.64763,10.94159
2590444,SCHIAVINA,44.65561,10.93528
2590445,ENPAS,44.64645,10.93534
2590446,V.BARCH A.M.,44.66116,10.8865
2590447,P. GIUSTIZIA,44.64618,10.92973
2590448,TESTI,44.65419,10.83988
2590449,S.CATER.ACQ.,44.65244,10.94274
2590450,V.PARMA,44.62245,10.91164
2590451,V.VENTURI,44.63847,10.91702
2590453,V.CUCCHIARI,44.63935,10.93808
2590454,SEL FORNACE,44.61779,10.9787
2590455,EX METALPRES,44.6219,10.97759
2590457,V.PER CARPI,44.68156,10.89323
2590458,BARBANTI,44.62716,10.86683
2590459,V.FREGNI,44.63495,10.93453
2590461,FABAR,44.64785,10.88272
2590462,BAG.CIMITERO,44.61072,10.85757
2590463,INAM,44.64673,10.93171
2590464,POZZO LEVI,44.58752,10.91485
2590465,STADIO COMU,44.65331,10.92219
2590466,A.A.MONTANAR,44.61856,10.96522
2590467,V.PAGANI,44.64541,10.91115
2590468,V.CAVALIERI,44.64211,10.91423
2590469,DALCARNI,44.66176,10.93706
2590470,S.MATTEO B.,44.69466,10.94426
2590471,COCA COLA,44.66365,10.91371
2590472,COND.RIGHI,44.63969,10.934
2590473,SIMONINI,44.60329,10.9421
2590474,V.GADDI,44.64113,10.91144
2590475,CROMODURO DC,44.65068,10.89645
2590477,CARRETTI DC,44.64933,10.89639
2590478,EX BAROZZI,44.66191,10.91883
2590479,BORSARI,44.65855,10.91099
2590480,COOP FABBRI,44.65787,10.87864
2590481,POZZO VECCHI,44.59143,10.91289
2590483,V.PARINI,44.66021,10.90352
2590484,POZZO CORTI,44.61807,10.83903
2590485,V.CAVEDOLE,44.57896,10.94844
2590486,RENANIA,44.64314,10.94481
2590487,V.NUOVA MARZ,44.6469,10.80702
2590488,GENER.TESTI,44.64594,10.79939
2590489,ATCM GOBETTI,44.63468,10.92996
2590491,IMCO,44.64389,10.93487
2590492,COND.2 VIALI,44.64512,10.91923
2590493,EX BORGHI AU,44.64821,10.89697
2590494,IMEM,44.65821,10.93715
2590495,COND.SELMI,44.64365,10.93799
2590496,V.BLASIA,44.64712,10.92747
2590497,ROSSI,44.65715,10.93684
2590498,COND.SICE G.,44.64247,10.91818
2590500,COND.SOLE,44.64216,10.94134
2590501,V.MONTEVERDI,44.6439,10.94166
2590503,COND.PIO X,44.64503,10.94185
2590504,IST.FERMI,44.64337,10.91478
2590505,VIA MINZONI,44.63301,10.92246
2590506,C.SO ADRIANO,44.64247,10.92865
2590507,C.MONTECUCCO,44.65007,10.93058
2590509,V.VARESE,44.62579,10.9269
2590510,V.TAMPELLINI,44.60309,10.84497
2590511,V.CASTELVETR,44.64048,10.92659
2590514,ORLANDI CARR,44.65325,10.87774
2590515,BERGONZINI,44.63321,10.93343
2590516,TINT. MILANI,44.61523,10.87591
2590517,CR.EMILIANO,44.64267,10.93118
2590518,ANSALONI,44.63837,10.92904
2590519,AZIMUT,44.65919,10.89182
2590520,SALTINI MORA,44.63411,10.92606
2590521,C.BONINI,44.64078,10.93733
2590522,ALL.ASSICUR.,44.64051,10.94037
2590523,MUNAROLA CAS,44.688,10.97897
2590525,V.MARTINIANA,44.59327,10.89873
2590526,V.SIGNORELLI,44.6262,10.90636
2590527,COND.PELLACA,44.64796,10.9003
2590528,V.CHIOSSI,44.57936,10.93883
2590529,V.SALUZZO,44.62751,10.94619
2590531,V.BERING,44.65675,10.89084
2590532,BORELLE CASE,44.63336,10.85509
2590534,POSTA,44.64569,10.92823
2590535,RESIDENZIALE,44.63892,10.96559
2590536,BARONI,44.63784,10.97991
2590542,SPA BRUCIATA,44.65636,10.87842
2590543,V.VECCHI,44.64281,10.91817
2590546,ASILO VILL.2,44.63077,10.8962
2590548,EX SAFON,44.63889,10.94261
2590549,V. CADIANE,44.6045,10.90181
2590551,ENEL S.ORSOL,44.65042,10.9298
2590552,V.STORCHI,44.65041,10.91824
2590553,FINI,44.64336,10.92255
2590554,CARR.CAMPANA,44.65606,10.87667
2590556,DONATELLO,44.63997,10.90749
2590557,DEL CARLO RE,44.6361,10.95745
2590558,V.AMUNDSEN,44.65737,10.89732
2590559,V.PIRANESI,44.63431,10.91601
2590560,V. VESPUCCI,44.65622,10.90063
2590561,FOND.PRO LAT,44.66172,10.93481
2590563,V.PETRARCA,44.66368,10.92301
2590564,V.CARBONIERI,44.63775,10.93956
2590565,C.ARGINE DOT,44.68999,10.99134
2590566,ZARLATI,44.64875,10.89497
2590568,CAVE RANGONI,44.63259,10.79217
2590569,V.CH.VILLANO,44.68696,10.91897
2590570,V.D. CELLA,44.63771,10.93047
2590572,POZZO FORNI,44.60033,10.89047
2590573,COOP BELLARI,44.58551,10.91676
2590574,OLMACCIO,44.70689,10.93791
2590575,S.LO MORELLO,44.71044,10.92314
2590577,V.MALPIGHI,44.63162,10.89951
2590579,EQUITAZIONE,44.60817,10.91884
2590580,SOLLEV.V.TAG,44.67087,10.95762
2590581,COOP MARMIST,44.63958,10.97428
2590582,V.ACQUI,44.64874,10.93929
2590583,TIPOLITO,44.63797,10.95412
2590584,V. ULIVI,44.6521,10.90488
2590585,FAIP,44.65917,10.88626
2590586,IST.CHIMICA,44.63272,10.94511
2590587,POZZO A3,44.6397,10.8812
2590588,LA SPIAGGETT,44.6801,10.88769
2590589,CAB.LOCALE,44.64161,10.97142
2590590,V.FONDITORI,44.63515,10.97647
2590591,ANNONI,44.65284,10.97087
2590592,NIP,44.63915,10.97023
2590593,BASSOLI,44.65052,10.89718
2590594,RESITAL,44.65932,10.9386
2590595,SILEI,44.65157,10.91566
2590596,IDROBITUMI,44.6362,10.97993
2590597,ROSEO,44.63855,10.9768
2590598,PASS.A LIVEL,44.6398,10.9757
2590599,CITTA' RAGAZ,44.63596,10.91706
2590600,GHERLINO,44.71825,10.89159
2590601,CIGARINI,44.65903,10.8957
2590603,SITAM,44.63655,10.9733
2590604,S.E.V.,44.63654,10.97887
2590605,ARC.NOTARILE,44.64672,10.92544
2590606,V.DEL SAGITT,44.63175,10.8931
2590609,TORRICELLI,44.6033,10.95693
2590610,V.PEGLI,44.62974,10.93666
2590612,V.CARPENTIER,44.63645,10.97561
2590615,JDP COGNENTO,44.63825,10.86563
2590616,V.VILLA D'OR,44.65784,10.94399
2590617,MESSORI,44.62612,10.94975
2590618,V. NIEVO,44.63537,10.90879
2590619,GLN,44.65132,10.89527
2590620,CAPRARI,44.65764,10.87905
2590621,DUNLOP,44.59835,10.97238
2590622,POZZO FRATI,44.58943,10.90507
2590626,VANDELLI,44.70745,10.956
2590627,S.LLO ROMANO,44.6347,10.97334
2590628,ARMENONE AUT,44.61244,10.90215
2590630,COOP CASEIF.,44.61309,10.85134
2590631,POZZO BULLA,44.62054,10.82008
2590632,V.PONTE A.N.,44.66589,10.88485
2590633,V.SANTAMARTA,44.62841,10.8547
2590637,V.BORTOLOTTI,44.62782,10.94135
2590638,MUZZIOLI,44.63248,10.90033
2590640,SILINGARDI,44.62959,10.97174
2590641,GESCAL,44.63065,10.92748
2590642,V.CARSO,44.65429,10.91919
2590643,CICOGNI,44.65345,10.91816
2590644,CASE.CADIANE,44.61024,10.88127
2590647,AC.DI SOLIER,44.68076,10.89058
2590648,TEDESCHINI,44.61924,10.95688
2590652,S.LO BAGNESI,44.69704,10.88709
2590653,ASCARI V.GR.,44.59065,10.98138
2590654,V.D.MILANI N,44.66148,10.97006
2590655,FIORINI,44.62542,10.94168
2590656,STILMA,44.65657,10.87524
2590658,ANAGRAFE,44.65689,10.91713
2590659,FABBI,44.65181,10.8969
2590660,AMENTA,44.6405,10.95451
2590661,V.DOMENICHIN,44.6339,10.91955
2590663,S.B.VILLANOV,44.69603,10.92261
2590664,V.SIGONIO,44.64159,10.91899
2590665,MAGIERA,44.617,10.82903
2590666,V.CIVIDALE,44.62819,10.9167
2590667,GLEM GAS,44.63768,10.95655
2590669,ZANNI V.POLE,44.64942,10.93575
2590670,SIRIO,44.66033,10.93892
2590671,V.PRATI,44.65032,10.90344
2590674,LOLA,44.65799,10.91441
2590675,BORTOLANI,44.66914,10.92649
2590677,V.CORTI,44.65744,10.943
2590679,OCCHIALERIA,44.63383,10.95857
2590680,V.ARTIGIANAT,44.63832,10.97228
2590681,VILLAFRANCA,44.62804,10.92575
2590683,VI.SQUALLORE,44.64635,10.92735
2590684,SC.SCHIOCCHI,44.63806,10.89772
2590685,V.CARRARA,44.62117,10.93331
2590687,S GALASSI DP,44.61884,10.86436
2590688,STR.BARCHETT,44.67411,10.86674
2590689,V.DEGLI ALPI,44.60115,10.97122
2590690,TELECOM,44.62859,10.92549
2590691,J.DA PORTO B,44.64813,10.86703
2590692,CASINETTO,44.63704,10.96073
2590693,SM.CITTANOVA,44.64597,10.84832
2590694,ORMI,44.65233,10.87484
2590695,SMARTY,44.59634,10.97018
2590696,GIESSE,44.64041,10.97165
2590697,VE.CA,44.71074,10.89952
2590698,C.G.I.L.,44.65397,10.91729
2590699,COOP COSTRUZ,44.63959,10.97424
2590701,V.BUSANI,44.64176,10.9656
2590702,V.SESTRI CAV,44.62905,10.9349
2590703,MORSELLI,44.66224,10.9143
2590704,MONTAGUTI,44.64302,10.92732
2590705,V.SANREMO,44.63046,10.9381
2590706,S.LLO BASSO,44.68722,10.8788
2590707,COTTAFAVA,44.65498,10.96261
2590708,C.LA PERGOLA,44.63564,10.93178
2590709,I PORTICI,44.63672,10.92006
2590710,MARCHESI,44.65831,10.96428
2590712,SASA MOTOR,44.62563,10.97458
2590714,SMIS BRUCIAT,44.6511,10.87716
2590715,ASCARI,44.65646,10.96107
2590716,AGIP SECCHIA,44.66241,10.86038
2590717,FORGHIERI,44.65673,10.96285
2590718,V.FROSINONE,44.62355,10.93944
2590719,V.CURIE,44.64266,10.89703
2590720,COND.RUFFINI,44.65614,10.91311
2590721,V.MLKING,44.65839,10.96238
2590722,V.GANDHI,44.65289,10.96013
2590723,COLOMBINI,44.65565,10.95925
2590724,CAB.LOCALE,44.65434,10.95777
2590725,IMM.MODENESE,44.65703,10.95953
2590727,V.TARQUINIA,44.62211,10.93832
2590729,V.PORTOVENER,44.6318,10.93382
2590732,SC. CANTONE,44.60163,10.93098
2590734,ROVERSELLA,44.63269,10.96201
2590737,PANINI SACCH,44.64909,10.89879
2590738,C.P.MONTECUC,44.64983,10.93145
2590739,SCAM SRL,44.60324,10.92782
2590740,COLOMB.PRIV,44.65494,10.95901
2590741,TELECOM FUSC,44.63294,10.96227
2590742,V.CREMA,44.62295,10.92826
2590743,V.TIPOGRAFI,44.63393,10.97885
2590744,GIARDINO NOR,44.64637,10.89872
2590745,MARZ.ACQUEDO,44.65269,10.80425
2590746,C.SP.MARONE,44.62588,10.89058
2590747,PARCO AMENDO,44.63379,10.91213
2590748,V.BONINSEGNA,44.63393,10.91456
2590749,V. GHIAIA,44.6467,10.84093
2590752,AMIU,44.64677,10.94494
2590754,NANNINI,44.58784,10.96332
2590755,F.LLI MATTIO,44.635,10.95613
2590756,CARN.BACCELL,44.63976,10.96967
2590757,O.PIA LEVIZZ,44.64183,10.80608
2590759,TELECOM AGNI,44.63517,10.90527
2590761,S.P.CASEIFIC,44.68175,10.9072
2590764,V.CORSINI,44.64471,10.89275
2590765,V.GIACINTI,44.60151,10.97667
2590766,V. PASTEUR,44.64281,10.89546
2590767,CURIE PASTEU,44.64202,10.89575
2590768,V.LAGRANCE,44.64051,10.89563
2590769,V.KEPLERO,44.64039,10.89323
2590770,V.BACONE,44.64141,10.89211
2590772,V.PEANO,44.64251,10.89046
2590773,V.AGNESI,44.64357,10.89109
2590774,CIV.TANG.CAR,44.66508,10.93543
2590776,V.ZODIACO,44.62929,10.89586
2590777,V.SPINELLI,44.62897,10.92127
2590778,V.TRE RE,44.64353,10.92408
2590779,V.SEGANTINI,44.63607,10.91391
2590780,PORCILAIA F.,44.7125,10.91728
2590781,GAZZOTTI,44.65464,10.95037
2590783,VIVAFONTE,44.63591,10.91245
2590786,DIREZ.RABINO,44.65519,10.93331
2590787,ROLO BANCA,44.64236,10.93704
2590788,V.FLAIANI 70,44.63655,10.90314
2590789,SOTTERAN. 70,44.63617,10.90387
2590790,CAVAZZUTI,44.59589,10.8878
2590791,S.LLO SENNI,44.59869,10.90355
2590792,POZZI CADIAN,44.60076,10.91413
2590793,V.FORMIGINA,44.61853,10.87943
2590794,ESSIC.FRUTTA,44.60491,10.91353
2590795,ART.GRAFICA,44.64813,10.96023
2590796,V.VENTURI SI,44.6404,10.91582
2590798,TABA,44.63183,10.96803
2590800,PATERLINI,44.70229,10.94934
2590801,V. DELLE DUN,44.64563,10.842
2590803,CONT.N.ESTEN,44.61051,10.93647
2590804,GENERALI,44.60494,10.89377
2590805,FRETO CHIESA,44.67296,10.88649
2590807,ORTIGARA,44.64073,10.88513
2590808,LOTT. 3 OLMI,44.67042,10.86901
2590809,LAPAM N1,44.6544,10.88099
2590810,BONAGHINO,44.61627,10.97311
2590813,AZ.AGR.BONI,44.58548,10.94827
2590817,EX ST.INDUST,44.67665,10.93529
2590818,A.P.C.A.,44.70274,10.90826
2590820,CAB.LOCALE,44.66276,10.93829
2590822,BELLUCCI CAS,44.62575,10.98678
2590824,DIR.B.POPOL.,44.63907,10.94368
2590825,V.CAVO ARGIN,44.65941,10.95999
2590826,MERCATO ORTO,44.65196,10.96053
2590827,P.GIACOBAZZ2,44.65129,10.83181
2590828,CARRETTI,44.62128,10.85624
2590829,V. CASINI,44.66168,10.89318
2590830,C.E.TORRAZZI,44.65495,10.96259
2590831,GLOBO NORD,44.65483,10.88053
2590835,V. RINALDI,44.65342,10.90013
2590836,V.LABRIOLA,44.65246,10.88019
2590837,V.CAMPI,44.63177,10.94535
2590838,V.TAGGIA,44.62841,10.93603
2590839,ACI ORTIGARA,44.63891,10.88751
2590840,VILLE ORTIGA,44.64048,10.88866
2590841,AZ.AGR.CANC.,44.7021,10.92402
2590843,V.MASSAIA,44.63482,10.8729
2590844,S.LLO ORSI,44.62526,10.85046
2590845,BACCARINI,44.60528,10.88722
2590848,WINDSOR PARK,44.64402,10.90611
2590849,POZZO FORNI,44.62212,10.86732
2590850,FIM V.GRANDE,44.60903,10.98787
2590853,AMUNDSEN SCU,44.6563,10.89634
2590854,V.TORRICELLA,44.68395,10.95987
2590855,BERTOLA AZ.A,44.6769,10.95259
2590856,CA' SEGHIZZI,44.67804,10.94843
2590857,V.TONIOLO,44.65781,10.93889
2590858,LOTT.CAMPANA,44.66766,10.86801
2590859,CENTRO TORI,44.60773,10.89495
2590860,V.BACH,44.63376,10.97084
2590861,MILA,44.63237,10.97067
2590862,MASSEROTTI,44.662,10.87092
2590864,N.FR.RONCAGL,44.66976,10.87872
2590865,V.BARBOLINI,44.68917,10.91649
2590866,CIM.S.DONINO,44.58617,10.97886
2590867,V.CAGLIOSTRO,44.63519,10.90229
2590868,V.NOTARI INT,44.63516,10.90234
2590869,V.CROCE,44.6644,10.92216
2590870,V.CASSIANI,44.66792,10.92662
2590871,MARINUZZI,44.63093,10.96996
2590872,V.CANALAZZO,44.72318,10.89908
2590873,COND. FABIO,44.63795,10.90635
2590875,CAFFE'CAGLIA,44.63451,10.95722
2590877,BALESTRAZZI,44.70588,10.91327
2590878,LA ROCCA,44.6993,10.98173
2590879,S.LO S.LOREN,44.57951,10.96463
2590881,FIAT S.MATTE,44.68256,10.93971
2590882,BUDRIANA,44.6386,10.95808
2590883,POZZO A9,44.6354,10.88458
2590884,P. CONVOGLIO,44.63627,10.80041
2590885,V.PASCAL,44.64581,10.91509
2590886,RES.ROVERSEL,44.63482,10.96464
2590887,POZZO GIAC.3,44.65082,10.81665
2590888,MARIARA,44.63451,10.96643
2590889,V.MANTEGNA,44.62945,10.91187
2590891,CARR.AUTODRO,44.65207,10.95665
2590892,PARMIGIANA M,44.70306,10.94747
2590893,GAMBIGLIANI,44.59563,10.94468
2590894,V.CAVEZZO,44.603,10.85033
2590896,V. BEGHI,44.60387,10.86172
2590897,V.DODI,44.69275,10.96595
2590898,CAVE RUBBIAN,44.60544,10.99713
2590899,L.GO NOBEL 1,44.64504,10.89756
2590900,V.SANTALUCIA,44.56516,10.9346
2590901,RABINO OVEST,44.64864,10.91511
2590902,L.GO NOBEL 2,44.64486,10.89658
2590903,LAPAM N2,44.65319,10.88303
2590904,FIERA MODENA,44.65599,10.85977
2590905,V.TRAERI,44.63279,10.87023
2590908,S.LLO CENNA,44.66877,10.86218
2590910,AZ.AGR.FABBR,44.61035,10.98088
2590911,V.FLEMING,44.63827,10.89372
2590912,RIS. NAPOLI,44.63679,10.90205
2590913,V.PERUGINO,44.63098,10.90572
2590915,V.ALLENDE CA,44.65961,10.96724
2590916,V.ALLENDE CB,44.65792,10.96664
2590917,V.ALLENDE CC,44.65611,10.96554
2590918,V.ALLENDE CD,44.65488,10.96479
2590919,V.ALLENDE CE,44.65331,10.9638
2590920,V.DE NICOLA,44.65134,10.96225
2590921,EDILMONTANAR,44.63405,10.90065
2590922,MACCHIONI,44.63242,10.97437
2590923,ITALCALIBRI,44.64782,10.96458
2590924,ROLO BANCA F,44.6449,10.9251
2590925,GUARINI IST,44.64083,10.89987
2590926,CEVOLINI,44.65048,10.89502
2590927,EX IPPODROMO,44.65215,10.9226
2590928,V.ATTIRAGLIO,44.65577,10.94321
2590929,SALTINI,44.63702,10.82386
2590930,RAGNO C.C.LE,44.65132,10.86172
2590931,DIR.COOP MO,44.6517,10.86224
2590933,FOS.DI MEZZO,44.64241,10.95401
2590934,CENTRO 2000,44.65768,10.89108
2590937,V.SALVEMINI,44.65372,10.87838
2590938,GNL,44.65283,10.95555
2590940,ZUST AMBROS.,44.67901,10.93786
2590943,STALLONE 3 O,44.66466,10.87587
2590944,RANA,44.62701,10.7961
2590946,IST.FISICA,44.63211,10.94582
2590947,QUAD.LORENZI,44.64202,10.90412
2590948,V.REP.DELL'O,44.65568,10.95331
2590949,V.MONTEFIORI,44.65355,10.95412
2590950,AZ.AGR.FONTA,44.69265,10.88239
2590951,V.LUIGINA,44.69539,10.90699
2590953,V.EINSTEN,44.63811,10.89212
2590954,S.LO GALASSI,44.61703,10.87209
2590956,POZ.PONTE N.,44.70039,10.96002
2590958,V.BOTTEGO A,44.63803,10.87493
2590959,V.BOTTEGO B,44.6394,10.87578
2590960,V.CAMPAGNA C,44.63899,10.87819
2590961,SIMIT,44.60884,10.86838
2590964,AUTODROMO,44.6529,10.90667
2590966,ZOCCOLI,44.66409,10.93149
2590967,PALAZ.PRORA,44.63393,10.90324
2590969,PRATOVERDE A,44.65358,10.93744
2590970,V.GAZZOTTI,44.62707,10.97659
2590971,MENSA POLICL,44.63718,10.94274
2590972,V. OLANDA 1,44.67363,10.9372
2590973,CHICCO ORTIG,44.6392,10.88556
2590974,V. VASARI,44.63585,10.90758
2590976,V.BATTAGLIA,44.681,10.97426
2590977,V.CAVO ARGIN,44.67852,10.98096
2590978,V.TORRICELLA,44.67982,10.96983
2590979,GHERBELLA,44.60066,10.94654
2590980,S.ORATORIO,44.59151,10.95733
2590982,RAPID,44.67387,10.93593
2590983,C.M.V TECNIC,44.63805,10.97788
2590987,QUADRIF. INT,44.64198,10.90409
2590988,POZZO EX AUT,44.65071,10.90649
2590989,ORAL,44.65188,10.8997
2590990,CAB.LOCALE,44.62988,10.90741
2590991,SMIS.NAZIONI,44.67194,10.9342
2590992,GSM MALAVOLT,44.65017,10.95574
2590993,GHIR.FONDERI,44.63756,10.98009
2590995,CINE RAFFAEL,44.63537,10.89284
2590996,V.FUSCO,44.63588,10.96405
2590997,V.9 GENNAIO,44.63488,10.96805
2590998,C.TO POLEZZE,44.63863,10.84999
2590999,ANNOVI,44.62168,10.80451
2591000,SALGARI L.B.,44.6601,10.88948
2591001,SALGARI A.E.,44.65828,10.88873
2591002,PANARIA,44.67619,10.99881
2591003,SACERDOTI,44.66208,10.95565
2591004,CARC.S.ANNA,44.67037,10.919
2591005,S.S.MATTEO,44.68939,10.95093
2591007,EUROCOM,44.67165,10.94364
2591008,V.CAV.CUOGHI,44.60072,10.84856
2591009,V.BALBO,44.66077,10.92035
2591010,TONI V.CAVO,44.66926,10.97
2591011,LUPPI,44.62614,10.8715
2591012,V. OLANDA 2,44.67273,10.94202
2591013,LAMBORGHINI,44.67516,10.93659
2591015,POZZO C1,44.64978,10.81949
2591017,LASCO,44.63644,10.97735
2591020,BAGGIOVA.BIZ,44.60654,10.86495
2591021,V.TOSCANINI,44.63998,10.95742
2591022,HOTEL EDEN,44.65975,10.8936
2591023,S.LLO TONI,44.68015,10.95946
2591024,CENTOFINESTR,44.60979,10.96595
2591025,JANUENSE,44.64859,10.94428
2591026,V.ALASSIO,44.62325,10.93514
2591027,S.LO TIEPIDO,44.60597,10.9662
2591028,POP.GEN.MECC,44.64002,10.88725
2591029,C.ESSICATOIO,44.68566,10.90862
2591031,TETRA PAK,44.65577,10.88124
2591033,MONTANARA SC,44.63577,10.96959
2591034,V.ANZIO,44.62477,10.93855
2591035,V.CAMAIORE,44.62005,10.93394
2591036,FOSSALTA,44.62383,10.97773
2591037,SCHIANCHI,44.66349,10.89742
2591038,PIRAMIDE,44.62669,10.92905
2591039,V.FILZI,44.65789,10.94683
2591040,FANTON,44.63539,10.95879
2591041,COOP CANALET,44.65516,10.93336
2591042,AZ.AGR.VECCH,44.69055,10.90018
2591043,V. BASTOGI,44.60072,10.86006
2591044,V. TONINI,44.63148,10.87315
2591045,RA.MO BUOZZI,44.66098,10.94288
2591046,PRATOVERDE B,44.65399,10.94187
2591047,V.VITERBO,44.62349,10.93721
2591048,FOBERMO,44.63904,10.97515
2591051,EUROPRESS,44.59712,10.97421
2591052,V.CASSANA,44.67084,10.89437
2591053,PIFFERI,44.65377,10.96119
2591054,SC.S.MARONE,44.62354,10.89208
2591056,V.CARRIERA,44.59676,10.97332
2591058,C.FABBRI PR.,44.65751,10.87894
2591060,CA.VILLANOVA,44.70194,10.9343
2591061,V.MALATESTA,44.64754,10.92281
2591062,S.LO FORNACI,44.61063,10.8922
2591063,ROVATTI,44.63773,10.83318
2591064,V.TIGNALE DG,44.6215,10.936
2591065,MACERO CARTA,44.60725,10.89004
2591070,I.C.O.,44.59758,10.97177
2591071,V.GAZZOTTI,44.62807,10.97772
2591072,STIL BETS,44.63741,10.87514
2591073,CENTRO K1 CE,44.65027,10.95944
2591074,RESID.BATTAG,44.68612,10.96796
2591076,S.FEDERZONI,44.71133,10.89145
2591077,V.DI GANACET,44.70572,10.88905
2591078,IMM.LEASING,44.63302,10.96472
2591079,V.LUSSEMBURG,44.6729,10.93374
2591080,V.BELGIO,44.67376,10.93375
2591081,V.BELGIO CAV,44.67554,10.93466
2591083,POLIAMBULAT.,44.63606,10.94042
2591085,V.BACCELLIER,44.61001,10.95933
2591086,LA FENICE,44.63181,10.96346
2591087,SAZA CONTE G,44.70154,10.96698
2591088,ORAL ENGEENE,44.60857,10.86691
2591089,CAV. GIARDIN,44.60333,10.86508
2591090,GIARD.GALLO,44.64172,10.91796
2591091,GH.PORCILAIA,44.70611,10.92812
2591092,V.BARTOLI,44.68304,10.89581
2591093,BAGGOV.CUCCH,44.60908,10.86435
2591095,POZZO C2,44.64539,10.81774
2591096,FRATTINI BEN,44.67304,10.93408
2591098,ROSSI V.BELL,44.65139,10.87688
2591099,S.LLO ROVATI,44.66012,10.95137
2591100,GB LUX,44.63081,10.96464
2591101,V.TONINI C.C,44.63308,10.87185
2591105,GIACINTI PAR,44.60005,10.97794
2591107,CASEI.VIAZZA,44.64117,10.83179
2591108,PAM,44.62953,10.90964
2591109,S.F.S.GEMINI,44.64632,10.87045
2591110,P. PERGOLESI,44.64508,10.94806
2591111,SC.PERGOLESI,44.64433,10.95068
2591112,BAGGIOV.IND.,44.6088,10.86708
2591113,AGUZZOLI,44.61985,10.98018
2591116,CAB.LOCALE,44.60341,10.97135
2591117,V.GER.CANALE,44.67131,10.93249
2591118,V.GERMANIA,44.67037,10.93577
2591119,V.JUGOSLAVIA,44.6698,10.93976
2591120,V.FRANCIA,44.66721,10.9395
2591121,V.ROMANIA,44.66755,10.93736
2591122,V. GRECIA,44.66653,10.93545
2591123,V.G.BRETAGNA,44.66875,10.93382
2591124,V.F.INFRASTR,44.66584,10.93801
2591125,V.BULGARIA,44.6726,10.93764
2591127,V.DONATI,44.66003,10.94261
2591128,S.CATALDO N2,44.66036,10.90574
2591129,BRE. S. ANNA,44.66852,10.92834
2591132,RESID. CLUB,44.63459,10.89429
2591133,POZZO B1,44.6327,10.89496
2591134,RUGGERINI,44.6015,10.99141
2591135,POZZO MATTIO,44.64945,10.97763
2591136,ASILO SCARTA,44.60956,10.97508
2591137,V.TRE CASE,44.5909,10.97699
2591138,V.SOTTOPASS.,44.6405,10.98251
2591139,AC.CANIZZARO,44.63971,10.89083
2591140,MORELLO FIUM,44.70558,10.943
2591141,S.BAGGIOVARA,44.60999,10.84842
2591142,RICCHI S.MAR,44.57916,10.9255
2591143,SC. CATTANEO,44.63939,10.90155
2591144,HOTEL RECHIG,44.62454,10.9787
2591146,AZ.AGR.ELISA,44.63037,10.84525
2591147,CENTRO PASTI,44.64853,10.95572
2591148,CORIS MALAV,44.64857,10.95558
2591150,C.M.UNIVERS.,44.64504,10.92843
2591151,MASINI V.B.,44.57976,10.98553
2591152,RIS NAPOLI 2,44.63653,10.90142
2591153,B.C.LE COMIT,44.64474,10.9274
2591155,BAZZINI OMZ,44.63676,10.96185
2591157,LE BASSE V.G,44.59365,10.98425
2591158,POZZO C3,44.64131,10.81857
2591163,DELLA CASA,44.62871,10.97045
2591164,ARBE/AMCM,44.65448,10.87139
2591165,DIR.CIALDINI,44.65641,10.91621
2591167,LASA METALLI,44.67053,10.93405
2591168,SID.MODENESE,44.67392,10.941
2591170,ACQ.MARTINIA,44.58944,10.90489
2591173,C.C.LE SUORE,44.66055,10.92657
2591174,N.V.CANALAZZ,44.72052,10.89897
2591175,N.V.GHERLINO,44.71484,10.89604
2591176,VIAZZA DI VI,44.682,10.93138
2591178,V.BELLINZONA,44.63626,10.93174
2591179,ANNOVI E REV,44.65844,10.96303
2591180,V.TERRANOVA,44.62215,10.92505
2591181,CAB.LOCALE,44.65553,10.89621
2591182,IMM.CRISTINA,44.6356,10.92078
2591183,V.DI SAVOIA,44.63167,10.95005
2591184,RICHELDI AMC,44.59089,10.93101
2591185,CAN.ANG.VIAZ,44.71025,10.89281
2591186,COOP ES.TORR,44.65168,10.86234
2591188,CONDIZ.R3,44.64772,10.91473
2591189,HOTEL RITZ,44.64811,10.91469
2591190,ALBERGO R3,44.64813,10.91462
2591191,DIREZ.R3,44.64772,10.91465
2591192,ARTIGIANAUTO,44.64735,10.94754
2591193,ANT.FARMACEU,44.66663,10.92566
2591195,ARTIGIANAUTO,44.64774,10.89782
2591196,LA ROTONDA,44.62035,10.92576
2591197,LOSCHI V.TOB,44.61665,10.92554
2591198,V.AREZZO,44.62228,10.92336
2591199,GHIARONI CH,44.61783,10.92856
2591200,V.GHIARONI,44.61649,10.92803
2591201,MAMMUTH,44.61523,10.93031
2591202,EMIL PREF,44.61936,10.92462
2591203,V.LIGURIA,44.61843,10.93172
2591204,BREVINI MAGN,44.64597,10.85246
2591206,SCHIAVI PADA,44.67323,10.9325
2591208,DIR.GALAVERN,44.65506,10.91381
2591211,INAIL PRIV.,44.65561,10.91468
2591212,H. HESPERIA,44.62604,10.92349
2591214,INPS,44.64781,10.93527
2591216,BIMECCANICA,44.657,10.87756
2591217,DEPURAT.OLII,44.66699,10.97787
2591218,V.CAGLIARI,44.6218,10.9427
2591219,CUOGHI,44.64097,10.90475
2591221,SALA BORSA,44.65701,10.9334
2591222,B.P.V.S.G.,44.64448,10.92596
2591223,C.SP.SALICET,44.62613,10.90086
2591224,LAG,44.63597,10.95762
2591225,NUOVA OMA,44.62714,10.97464
2591230,FUS.RESPIGHI,44.63457,10.96218
2591232,PALASPORT,44.64557,10.95367
2591234,C.SP.CASSIAN,44.66613,10.92529
2591236,POLIAM.UNIV.,44.635,10.94085
2591237,MARCHESI,44.6335,10.97851
2591238,POLI.ARTIOLI,44.65818,10.89391
2591239,SNIPAA,44.60523,10.91163
2591240,CARNEVALI AU,44.63232,10.9625
2591242,CFN.PRIV,44.65777,10.96327
2591245,ICS,44.6348,10.97518
2591247,AGIP PIRANDE,44.66483,10.88856
2591248,CED STAER PR,44.6503,10.95936
2591249,CON.GHIARONI,44.61338,10.92593
2591251,B.P.V.S.G.,44.6585,10.96187
2591252,SOC.MONTECAR,44.63564,10.90028
2591253,SPECIAL COOP,44.63509,10.90228
2591254,BOLDRINI,44.67262,10.93631
2591255,F.B.M.M.,44.66161,10.91279
2591257,C.S. NEWTON,44.64594,10.89565
2591258,C.C.LE ROSSE,44.63047,10.91779
2591259,VIGILI FUOCO,44.64487,10.90144
2591260,MAG.PROV.K1,44.64784,10.95971
2591261,MO.DUE,44.63571,10.90021
2591267,R.BANCA CORA,44.64194,10.90329
2591268,V.ARMELLINI,44.63263,10.95209
2591269,C.SP.DAMASO,44.59989,10.97404
2591270,V.DANIMARCA,44.66323,10.94389
2591271,COOP.TIP,44.66819,10.93349
2591273,C.C.LE S.DAM,44.60126,10.97484
2591274,ITALPOSTE,44.67163,10.93486
2591276,V.MALTA,44.6711,10.94102
2591277,V. MORANDI,44.64756,10.94732
2591278,V.CERVINO,44.65929,10.94833
2591279,V.CIMONE,44.65621,10.94878
2591281,P. GIOVETTI,44.69034,10.87568
2591282,POLISPORTIVA,44.63718,10.96872
2591284,PAVESI ESSO,44.66084,10.85682
2591285,ENEL VIGNOLE,44.60856,10.96307
2591289,BONMERCATO,44.6487,10.91516
2591290,IPERCOOP,44.64496,10.95619
2591291,BANCO ROMA,44.64977,10.91933
2591295,V.MARTINELLI,44.64164,10.95118
2591297,OS.S.CATALDO,44.66073,10.90311
2591298,SAIMA,44.66689,10.94164
2591299,TIN.EMILIANA,44.67666,10.93873
2591302,MASONI LOTTI,44.65736,10.88818
2591304,V.FELICIANI,44.63502,10.93779
2591306,VIREM,44.67141,10.9401
2591309,V.MONVISO,44.65791,10.95125
2591310,CAB.LOCALE,44.6511,10.85977
2591311,CAB.LOCALE,44.64573,10.90397
2591314,BURRIFICIO,44.66663,10.93033
2591315,V.NENNI,44.63198,10.95454
2591316,BP VSG CORAS,44.6433,10.90081
2591320,IACP COSTA,44.65536,10.9159
2591323,MICRODETECTO,44.64819,10.95755
2591324,MAMMUTH PRIV,44.61519,10.9303
2591325,COOP ESTENSE,44.65143,10.86209
2591329,POLO SCOLAST,44.64756,10.8895
2591331,V.RUFFINI,44.65546,10.91168
2591332,V.REP.S.MARI,44.67621,10.94029
2591333,DINAMIC OIL,44.67312,10.93938
2591334,C.CLE NOBILI,44.64748,10.89893
2591336,ISOLA VERDE,44.61623,10.9273
2591337,GENERAL SNC,44.67637,10.93729
2591338,BAGNOLI,44.65331,10.87854
2591339,CO.MO CIALD2,44.65647,10.9171
2591340,V.CARTERIA,44.64687,10.92297
2591341,CARIMONTI ES,44.6474,10.93817
2591342,EX RAGNO L.V,44.65198,10.85935
2591343,EX RAGNO C.I,44.65302,10.85934
2591344,TELECOM BODO,44.66057,10.93014
2591345,SAI,44.67374,10.93807
2591346,GIACOBAZZI,44.63967,10.94272
2591348,CNA,44.65109,10.95824
2591350,DEMOCENTER,44.65129,10.85882
2591351,CORNI SERRAT,44.67816,10.93604
2591352,DIR. SCAGLIA,44.63758,10.90026
2591353,ACQ.COLLEGAR,44.61244,10.94762
2591355,EDY SYSTEM,44.64806,10.95852
2591357,TELECOM,44.65751,10.95894
2591361,VIVI NATURA,44.58207,10.98726
2591362,CAVEZZO CARR,44.60151,10.84353
2591363,V.MARIANINI,44.65327,10.91268
2591365,TELECOM,44.6337,10.95065
2591366,CONDOTTO SEN,44.65752,10.88679
2591367,CAVALIERI TR,44.67061,10.93569
2591368,CIRCOLO AMCM,44.66061,10.91616
2591370,SARAGAT VALL,44.64007,10.89764
2591371,V.COSTELLAZ,44.63465,10.89643
2591373,QUATER,44.66493,10.94088
2591374,V.M.DEL LAV,44.63114,10.9781
2591375,PEEP D'AVIA,44.65431,10.88879
2591376,PAST.ZANINI,44.66273,10.93823
2591378,TA.GOM,44.67301,10.93514
2591379,SMALTI MODEN,44.62965,10.96233
2591380,STATER,44.6563,10.96594
2591382,I PORTALI,44.64339,10.95826
2591383,SAFIM,44.67054,10.9433
2591384,V.TACITO ANG,44.64845,10.85797
2591385,G. EMILIA N,44.6493,10.85494
2591386,G.EMILIA EST,44.64796,10.85537
2591387,G.EMILIA SUD,44.64711,10.85378
2591388,G.EMILIA OVE,44.64867,10.85318
2591390,V.EUCLIDE,44.64503,10.88746
2591393,ATCM SEDE,44.6653,10.91582
2591394,MOSCATO,44.65757,10.87549
2591395,PR.DI MODENA,44.64282,10.91524
2591396,DISTRIB.IP,44.60714,10.85344
2591397,U.S.COMPANY,44.6714,10.94014
2591399,MARKET INGRO,44.66852,10.92413
2591401,MODENSIDER,44.63449,10.97405
2591402,CROMODURO BI,44.64999,10.89802
2591403,VIRMAURI,44.6212,10.98818
2591404,MINI HOTEL,44.61435,10.87558
2591405,NEOTRON,44.60471,10.91332
2591407,V.TACITO,44.6495,10.85738
2591408,N.LEONARDUS,44.64957,10.85766
2591409,VIAZZA RAMO,44.65487,10.85523
2591410,CARIGATA,44.62193,10.9865
2591411,V.GAZZADI,44.66739,10.91052
2591412,PEEP BELLARI,44.61984,10.94015
2591413,V.TURCHIA,44.66389,10.94239
2591414,C. 4 MADONNE,44.68364,10.88102
2591416,V.PELLONI,44.62656,10.91606
2591417,AMIU 3 OLMI,44.67252,10.86998
2591418,F.LLI USAI,44.68237,10.95621
2591419,V.USIGLIO,44.6439,10.93385
2591420,METRO FIN,44.64931,10.85894
2591421,VEPA,44.70573,10.95686
2591422,COST.INPDAP,44.63536,10.89558
2591423,ERRELLE,44.64024,10.97275
2591424,MALETTI,44.65421,10.87384
2591425,COMET,44.65621,10.87347
2591426,V.P.ROSSELLI,44.62589,10.91886
2591427,SILINGARDI,44.59855,10.97072
2591428,V.FORMIGINA,44.64144,10.89688
2591429,SEDE PDS,44.64663,10.94841
2591430,FIR,44.65396,10.95955
2591431,ITALOG,44.66517,10.94207
2591432,CROMODURO N.,44.67614,10.93636
2591434,AREA FESTIVA,44.6644,10.89519
2591435,DIGA PANARO,44.60684,11.00817
2591436,V.MONDATORA,44.6445,10.92599
2591437,HRF,44.63092,10.97001
2591438,V.MULINO,44.58749,10.97442
2591439,V.PORTOGALLO,44.66422,10.94057
2591440,V. BERTOLI,44.63332,10.90531
2591441,MORELLO PORC,44.71234,10.91735
2591443,TAMOIL V.IND,44.63718,10.96901
2591444,ARMENONE 32,44.61269,10.90547
2591445,V.PADOVANI,44.64307,10.90681
2591446,B.GO CAVALLO,44.66454,10.98181
2591447,PIP.NAVICELL,44.66757,10.99136
2591448,UNES,44.63618,10.9105
2591449,LAYER,44.65394,10.95954
2591450,GRS MALTA,44.67041,10.94297
2591451,PUB 900,44.61226,10.93084
2591452,MICRON PLAST,44.63769,10.97128
2591453,V.D.CAPRICOR,44.62845,10.88986
2591454,FILOV.S.ANNA,44.6637,10.91617
2591455,FIL.M.KOSICA,44.65305,10.92547
2591456,FILOVIA C.S.,44.63921,10.92322
2591457,FIL.D.POZZO,44.63615,10.94045
2591458,ALICREM S.D.,44.58451,10.96975
2591459,ZAPPELLACCIO,44.69419,10.93761
2591460,CARNEVALI,44.6117,10.95823
2591461,IST.CHARITAS,44.62775,10.91096
2591462,SUPERGAS,44.62045,10.95326
2591463,QUESTURA,44.64705,10.94974
2591464,V. JORI,44.60095,10.86176
2591467,FORUM GALILE,44.6417,10.88883
2591468,ESSELUNGA,44.63234,10.92558
2591469,V. SCHIOCCHI,44.63788,10.90318
2591470,V.ZUCCONI,44.63912,10.90318
2591471,V.ARISTOTELE,44.64497,10.88287
2591472,V.SERRA,44.64553,10.88396
2591473,V.P. HARRIS,44.63616,10.96596
2591474,MASERATI,44.64936,10.94306
2591475,V.FIRENZE,44.61276,10.93333
2591476,V.PESCIA,44.61303,10.9356
2591477,V. TENCO,44.66206,10.89649
2591478,ZANONI UNIV.,44.62932,10.95017
2591479,CIMITERO COL,44.60059,10.98121
2591480,UNIV.IST.BIO,44.63073,10.94386
2591481,V.FINZI SAIM,44.66508,10.93953
2591482,OSPEDALE,44.63641,10.9455
2591483,BERTOLI,44.62312,10.97881
2591484,N.EUROZINCO,44.67182,10.99201
2591485,V.GANACETO,44.65147,10.92628
2591486,V.CARUSO,44.66421,10.97463
2591487,V.RIMINI,44.62436,10.91391
2591488,V.GAZZOTTI,44.62635,10.9762
2591489,V.CAMPESTRE,44.6159,10.91091
2591490,CONTR.VIVAIO,44.61517,10.91698
2591491,V.CONTRADA,44.61847,10.90342
2591492,V.TIRELLI,44.62801,10.9145
2591493,V.IMPRENDITO,44.63791,10.97246
2591496,QVALE GROUP,44.67915,10.93751
2591497,V.ZANFI,44.66002,10.88486
2591498,POZZO A10,44.63556,10.88767
2591499,V.FONTANELLI,44.65172,10.92562
2591500,V.MALAGOLI,44.65218,10.93495
2591501,ZUPPIROLI,44.62253,10.95512
2591502,I GELSI,44.62969,10.94598
2591503,V.BOTTEGO D,44.63972,10.87493
2591504,V.FRESCOBALD,44.63586,10.97106
2591505,V.F.SOTTOPAS,44.66496,10.93879
2591506,V.F. ROMANIA,44.66602,10.93696
2591507,COMMERCIALE,44.64994,10.89445
2591509,V. TABACCHI,44.65666,10.90413
2591510,V.LIVING.EMI,44.6572,10.8852
2591511,V.CAPILUPI,44.63474,10.95469
2591512,DIR.TOSCANIN,44.63529,10.95362
2591513,CARRARA,44.63457,10.95896
2591514,CIR V.SALVEM,44.65469,10.88202
2591515,V.CAMBI,44.71011,10.90255
2591516,JACOPO PORTO,44.62244,10.86308
2591517,GALVANTUBI,44.6723,10.94369
2591518,BUENA VISTA,44.58058,10.91176
2591519,V.BENASSI,44.65751,10.92829
2591520,COMANDOCARAB,44.65727,10.92597
2591521,V.MONSI.BONI,44.65864,10.92692
2591522,ANESINO SUD,44.66318,10.89104
2591523,V.STANGUELLI,44.65049,10.93746
2591524,V.LAMBORGHIN,44.64967,10.93869
2591525,V.F VANDELLI,44.65143,10.93859
2591526,PROVINCIA,44.63484,10.94537
2591527,POZZO MARTIN,44.63597,10.84379
2591528,CARAVAN CLUB,44.63703,10.81063
2591529,V.CASETTE,44.6434,10.97738
2591530,SAFIM V.LIV.,44.65623,10.88341
2591531,POZZO C4,44.63737,10.8152
2591532,POZZO VARINI,44.62373,10.80243
2591535,POLIZIA STR,44.65545,10.86449
2591537,GUARESCHI TO,44.62951,10.87183
2591538,GUARESCHI DP,44.62959,10.86867
2591539,SCUOLA JACOP,44.6312,10.8663
2591540,AR PLASTIC,44.65564,10.95837
2591541,GIACOBAZZI,44.61443,10.84133
2591542,V.GALEAZZA,44.70723,10.89993
2591543,V.GIRASOLE,44.59577,10.97347
2591544,POZZO ROLI,44.60898,10.9501
2591545,CAVALLINI,44.6738,10.93481
2591546,GRS V.JUGOSV,44.67096,10.93915
2591547,MOLLIFICIO,44.6558,10.96168
2591548,COMP.PIRANDE,44.63211,10.87846
2591549,E.VIA GIORDA,44.6355,10.95504
2591550,OXI PROJECT,44.65122,10.89882
2591551,ASCOM V.FERR,44.64991,10.93776
2591552,V.CIMO.A.TUR,44.65593,10.94821
2591553,GENIM,44.66102,10.94025
2591554,V.ZAPP.GANAC,44.7044,10.91791
2591555,MODENFLEX,44.5984,10.97169
2591556,TECHNOLOGY,44.65153,10.89682
2591557,C.PERM.STRAN,44.66718,10.9214
2591560,V.BOLOGNA,44.62286,10.91
2591561,DEP.LESIGNAN,44.68415,10.8974
2591562,MULINI NUOVI,44.66788,10.94533
2591563,FORNI CASEIF,44.63682,10.87728
2591564,MULINO BERRO,44.61326,10.86361
2591565,V.ARALDI UNI,44.63059,10.94548
2591566,V.MORANTE,44.65834,10.88293
2591567,COMETE,44.63316,10.89744
2591570,S.FORGHIERI,44.69649,10.91703
2591571,ART.LAVANDER,44.67164,10.93155
2591572,AZ.AG.HOMBRE,44.62075,10.83193
2591573,V.FUCA,44.65057,10.95502
2591574,CONAD EUROPA,44.6632,10.934
2591575,V.DE NAZIONI,44.67546,10.93603
2591576,V.VECCHIONE,44.62504,10.97282
2591577,V.BELLARIA,44.60521,10.93327
2591578,V.MORSELLI,44.64661,10.94001
2591579,SECCHIA NORD,44.661,10.85719
2591580,ST.PARTIGIAN,44.66553,10.92766
2591581,V.NAZIONI US,44.6794,10.93805
2591582,V.GEROSA,44.66156,10.93173
2591583,NORDICONAD,44.66311,10.94277
2591584,V.ANTICAQUER,44.57468,10.91913
2591585,V.TINCANI MA,44.58201,10.93398
2591586,EX OFF.PADAN,44.66009,10.91342
2591588,AR. C.CAVOUR,44.65053,10.92549
2591589,V.CILE,44.66218,10.96358
2591590,V.TIRASSEGNO,44.66108,10.91595
2591591,HRF FRATI MI,44.64355,10.92277
2591592,SV. BRUCIATA,44.65204,10.87102
2591594,V.GUIDELLI,44.60736,10.86193
2591595,H BAGGIOVARA,44.60337,10.87286
2591596,OP.PIA BIANC,44.60702,10.87076
2591597,V. 4 VILLE,44.69318,10.90594
2591598,METALSIDER,44.6717,10.99231
2591599,CAS.ALBARETO,44.68838,10.97941
2591601,V.NARDI,44.64444,10.93299
2591602,MONTANARI,44.67361,10.9373
2591603,BIAGINI,44.62905,10.97338
2591604,V.DALLA COST,44.6608,10.97184
2591605,V.FANTI,44.65724,10.92915
2591606,CRM V.MASSAR,44.66117,10.93671
2591607,RUA FRATI MI,44.64288,10.92379
2591608,LUNA PARK/PA,44.64498,10.95233
2591609,LUNA PARK/MI,44.64668,10.95194
2591610,COST.L.NERUD,44.63543,10.89582
2591611,LUNA PARK/FO,44.64452,10.95924
2591613,V.PISTONI,44.6609,10.88205
2591614,LESIGN.VILLA,44.68675,10.873
2591615,V.BARRILI,44.6594,10.87764
2591616,V.TAGLIATI,44.67215,10.95284
2591617,V.BATTAGLIA,44.68678,10.96259
2591618,ALBARETO SC.,44.68848,10.96529
2591619,V.D. MESSI,44.69067,10.97143
2591620,IST.DI MEDIC,44.63581,10.94232
2591621,COLLEG RUGBY,44.61429,10.94515
2591622,V.CESANA,44.63567,10.94949
2591623,CRP GAVASSET,44.65253,10.89902
2591624,RFI MONTECUC,44.65593,10.92087
2591625,GREEN STAR B,44.67198,10.93534
2591626,V.GUICCIARDI,44.63784,10.91566
2591627,CAB.LOCALE,44.6059,10.91073
2591628,CAB.LOCALE,44.6749,10.94398
2591629,BAIA DEL RE,44.57401,10.98105
2591630,V.CREMASCHI,44.69046,10.91935
2591631,V.VIT.VENETO,44.64541,10.92024
2591632,PR.C.ADRIANO,44.64269,10.92885
2591635,V.MEDICI,44.62569,10.93929
2591636,V.PICCININI,44.62429,10.9098
2591638,V.COSTA C.E,44.65261,10.9657
2591639,FIL.ZODIACO,44.62884,10.89513
2591640,CASA GUICCIA,44.63778,10.91625
2591641,PAL. EUROPA,44.64923,10.91561
2591642,MENSA V.CAMP,44.63086,10.94223
2591643,STHOLL,44.61398,10.87802
2591646,V.COSTA C.C,44.65648,10.96892
2591647,V.COSTA C.D,44.65374,10.9671
2591648,V.DON MILANI,44.65652,10.96729
2591649,V.MALPIGHI M,44.63068,10.89873
2591650,V.VEL.MARCHI,44.63993,10.90418
2591651,V.Z.VILLANOV,44.69737,10.92971
2591652,MERCEDES V.M,44.65823,10.88252
2591653,Q8 V.GIARDIN,44.61664,10.88451
2591654,V.GUERRAZZI,44.65514,10.90838
2591655,P. BOSCHETTI,44.65092,10.92928
2591656,V.MARINETTI,44.62561,10.90471
2591657,CANALE DI L.,44.68121,10.87418
2591658,V.COSTA C.A,44.65944,10.97073
2591659,V.DON MILANI,44.65318,10.96544
2591660,V.PERLASCA 1,44.63141,10.9596
2591661,V.PERLASCA 2,44.6306,10.96112
2591662,T.V.BARTOLI,44.68304,10.8951
2591665,Girasole Est,44.59535,10.97331
2591666,CFR D.COSTA,44.66066,10.97125
2591667,GALILEO LESI,44.68185,10.89422
2591668,RETME,44.6382,10.97527
2591670,PUB V.SALVEM,44.65274,10.87878
2591671,V.UCCELLIERA,44.655,10.89254
2591672,V.RAMELLI,44.6586,10.92107
2591673,S.LLO SECCHI,44.67546,10.91146
2591674,V.MONASTERO,44.60775,10.86586
2591675,V.SARAGAT,44.63995,10.89874
2591676,V.CAVAZZA,44.67569,10.93818
2591677,COMP.NADIA 1,44.64322,10.88582
2591678,V.DON.ZENO,44.65344,10.89278
2591679,V.VETERANI,44.63755,10.96367
2591680,BINGO V.DELF,44.65491,10.87849
2591681,V.MAR LIGURE,44.65258,10.95004
2591682,PEEP S.CATER,44.65092,10.9514
2591683,VV.UU.,44.63852,10.88924
2591684,GRAN.DONNINI,44.62884,10.80635
2591685,EX FORNACE,44.67171,10.94736
2591686,V.VANDINI,44.61012,10.95821
2591687,ITALMACERO,44.65155,10.96459
2591688,LAMIERAL D.C,44.662,10.97306
2591689,BORGO MARTA,44.62826,10.8586
2591690,CITTA'UNIV.,44.631,10.94236
2591691,SV. TANGENZ.,44.66726,10.9021
2591692,V.S.AGOSTINO,44.64685,10.92094
2591693,TECNORD,44.65049,10.95585
2591695,CENTROSERVIZ,44.60488,10.86989
2591696,CONAD V. PIG,44.64605,10.88782
2591700,V.COLONNA,44.59957,10.9714
2591701,EMMELUNGA,44.64833,10.85837
2591702,V.CAPITANI,44.66696,10.908
2591703,V.GEMELLI,44.62672,10.89082
2591705,V.CASELLE,44.64218,10.92523
2591706,VILLA BUONAF,44.60772,10.96658
2591707,C.ARGINE MUN,44.68473,10.98738
2591708,V.LEGNANO,44.62669,10.93116
2591709,V.GIORDANO D,44.63519,10.95578
2591710,V.BACELLIERA,44.59465,10.95795
2591711,V.CAMATTA,44.64341,10.92541
2591712,V.REP.VALTAR,44.65593,10.95656
2591714,MALAGOLI V.D,44.65289,10.96642
2591715,V.MASSOLO,44.62571,10.89266
2591716,V.DELL SUORE,44.66333,10.915
2591717,ALCOA,44.66029,10.91315
2591719,F.BARALDI,44.69791,10.94733
2591720,GUARDIA DI F,44.6217,10.92375
2591721,GARDEN C.COM,44.60532,10.86652
2591722,GARDEN HOTEL,44.60612,10.86661
2591723,V. CONTRI,44.64093,10.93116
2591724,V.DA VINCI M,44.64666,10.88791
2591725,V.MONTALE,44.65729,10.91226
2591726,PALAZZOSOLMI,44.64737,10.9237
2591727,RESIDUNIV,44.65151,10.92844
2591728,V.GEMONA,44.62719,10.92468
2591729,MULTISALA,44.65893,10.92123
2591730,EX VINACCE,44.65915,10.91942
2591732,TETRAPAK LAB,44.65322,10.8838
2591733,MODEL.MODEN.,44.63865,10.97632
2591734,TAVVILLANOVA,44.69081,10.9126
2591735,RFI.MO.NORD,44.68526,10.94612
2591737,V.TAGGIA PEE,44.62772,10.93511
2591738,V.CHINNICI,44.62374,10.91729
2591739,V.FORLI,44.62122,10.91717
2591740,V.AMENDOLA,44.63359,10.90782
2591741,V.CARUSO INT,44.66923,10.97913
2591742,FONDCOOPMODE,44.65203,10.8965
2591743,DALLA ROVERE,44.65065,10.9453
2591745,CHIESA GESU,44.64689,10.89238
2591746,V.PANNUNZIO,44.64428,10.84435
2591747,MARKEING TRE,44.65878,10.91991
2591748,V. PARENTI,44.6603,10.92222
2591749,V. PICA 1,44.62822,10.96283
2591750,PIP2 V. PICA,44.62891,10.96
2591751,COG.GIARDINO,44.64568,10.8928
2591752,V.MANARA,44.65223,10.94005
2591753,POZZO NIZZI,44.64945,10.82405
2591754,RB V.CARRIER,44.59862,10.97159
2591755,V.FINZI,44.65866,10.93164
2591756,COPTIP,44.66748,10.93562
2591757,V.UNIVERSITA,44.64464,10.92779
2591758,D.NAZ.CARPI,44.70251,10.89458
2591759,TARA SPA,44.61078,10.94474
2591760,V.BORSELLINO,44.62296,10.92008
2591761,ROADHOUSE,44.5742,10.9857
2591762,V.DALTON,44.64961,10.96118
2591763,BELLENTANIAU,44.66868,10.92811
2591764,RST V.TACITO,44.64846,10.8583
2591765,FV FIERA 1,44.65606,10.8601
2591766,FV FIERA 2,44.65603,10.86014
2591767,V.KENNEDY,44.65511,10.96133
2591768,V.SCIENZA,44.64029,10.97262
2591769,V. OVIDIO,44.65223,10.85533
2591770,COGE 3 PEEP,44.62346,10.93413
2591771,LASA METALLI,44.67837,10.93748
2591772,SOLARIS,44.62632,10.84179
2591774,FV TETRAPACK,44.65466,10.88274
2591775,GHIRLANDINA,44.63784,10.8084
2591776,P.ZO PONTUTO,44.66333,10.85761
2591780,V.FINZI 2,44.6596,10.93275
2591781,FV GESTIONE,44.61184,10.93055
2591782,FV MUTINA,44.61365,10.94446
2591783,CANALETTO N,44.67817,10.93526
2591786,AZ.AGR.GIACO,44.65259,10.82419
2591787,FV STELLA,44.67044,10.86112
2591788,MUSEO FERRAR,44.65259,10.93634
2591790,V.MAR CASPIO,44.65402,10.945
2591791,NOVISAD,44.65188,10.92483
2591792,V. PICA,44.62978,10.96361
2591793,GUIDA SICURA,44.63496,10.81674
2591794,V. DANNUNZIO,44.65855,10.8738
2591795,V.CAMPANA,44.65609,10.87123
2591796,V.ROSALBA,44.59694,10.96967
2591797,V.NUOVAFRETO,44.66619,10.87453
2591798,V.BARCHETTA,44.6684,10.87001
2591799,SECCHIA,44.65165,10.79769
2591800,EQUIPENTA,44.60621,10.91726
2591801,SCALO MERCI,44.65226,10.84409
2591803,PIPNAVICELL2,44.66817,10.98798
2591804,PARCLAMBORGH,44.65079,10.94002
2591805,OSPEDALE NEW,44.63481,10.94531
2591807,V.FERRARI,44.65173,10.93525
2591808,COND.EUROPA,44.65023,10.91612
2591809,CIMINIERA T.,44.65226,10.92921
2591811,V. KING,44.65629,10.96783
2591812,CAMPUS MO,44.63033,10.94368
2591814,V.BRAGHIROLI,44.63359,10.94635
2591815,STORICA SUD,44.66587,10.87557
2591816,V.VIAZZARAMO,44.65976,10.85747
2591818,V.PELUSIA,44.63895,10.94549
2591819,V.MORANE,44.63269,10.92655
2591820,V.COSTA C.F.,44.65562,10.96794
2591821,V.EMILIA.CUC,44.64041,10.93876
2591822,V.SCARTAZZET,44.60323,10.97459
2591823,V.SUORE CPC,44.66223,10.91439
2591825,V.BORELLE,44.63389,10.85126
2591826,V. CABASSI,44.65509,10.90392
2591827,S. Geminiano Est,44.64488,10.87389
2591828,V.SUORE CPC2,44.66246,10.916
2591830,V.CASSIANIGI,44.6674,10.92638
2591831,Mecfer V. Dalla Costa,44.65804,10.96963
2591832,Dgm V. Barca,44.57887,10.98852
2591833,V.Fanti Ausl,44.65657,10.92958
2591834,Acetaia Gius,44.6922,10.90261
2591835,Pol Corassori,44.64596,10.89364
2591836,V. Malavolti,44.64981,10.95717
2591837,V. Canaletto Gramsci,44.65585,10.93445
2591838,Annovi V. Gandhi,44.65808,10.96432
2591839,V.Delfini,44.65386,10.88148
2591840,Strada Mazaglia,44.62395,10.79467
2591841,Gavasseti 173 Ex Mbm,44.65233,10.89905
2591842,Largo Moro,44.64833,10.91936
2591843,Tassoni-Campori,44.64718,10.91957
2591845,Borgo Estense 1,44.61683,10.93586
2591846,Borgo Estense 2,44.61632,10.93814
2591847,Rotatoria Zodiaco,44.62796,10.89475
2591848,V. Del Girasole,44.59538,10.97414
2591849,V. Triva,44.65701,10.93416
2591850,Codi V. Kennedy,44.65554,10.96165
2591853,V.Delfini Tetrapak,44.65391,10.88188
2591854,Cognento Raffaello,44.63562,10.89154
2591855,V. Martucci New Cbm,44.6263,10.97475
2591858,V. Industria,44.63687,10.97735
2591859,V. Forghieri,44.66135,10.93495
2591860,V. Dei Vitali,44.63065,10.96599
2591861,V. Peretti te,44.63793,10.92265
2591862,V. Campana 2,44.6559,10.87292
2591865,Str.Castelnuovo,44.59221,10.93149
2591866,Amudsen Emilia Ovest,44.65806,10.89621
2591867,V. Sigonio Ex Amcm,44.63955,10.92424
2591869,V. Mercato,44.65924,10.9364
2591870,V. Dacq. Fiori,44.62419,10.92243
2591871,V. Omero,44.6491,10.85916
2591876,V. Peretti Ex Amcm,44.63763,10.92436
2591879,Stallini V. Mercato,44.65682,10.93403
2591883,Filovia past,44.63735,10.92202
2591886,Via 3 Case Gelsomin,44.58477,10.97259
2591891,V. Tre Olmi,44.66758,10.86805
2594001,SA CP CROCET,44.64742,10.94864
2594002,CAB.LOCALE,44.64908,10.89243
2594003,SA CP NORD,44.66949,10.92309
2595477,G.M.595477,44.67482,10.94414
2595478,G.M.595478,44.67483,10.94409
2595481,META SPA,44.60594,10.91075
2600000,Is.Ecologica,44.1893,10.63371
2600002,Faidello,44.16155,10.64482
2600003,Ballant.Mand,44.1753,10.64463
2600004,Diga Fiumalb,44.18984,10.64127
2600006,Rotari,44.16537,10.61775
2600007,Ronchi,44.15686,10.60988
2600008,Fradicci.Dog,44.17162,10.63973
2600009,Cas.Nuova T,44.17571,10.65754
2600010,La Volturina,44.16876,10.64318
2600011,Bar Alpino,44.15512,10.66201
2600013,Ca'Bicci,44.16779,10.63424
2600014,Castellaccia,44.19516,10.63355
2600015,Conf.Ab. . T,44.15673,10.64803
2600016,Imm.Cimone,44.17713,10.64564
2600017,Lot.Fradicci,44.17459,10.64085
2600018,Scuol.Verlur,44.18377,10.66259
2600019,Le Valdare,44.19225,10.66835
2600020,Ca'Ruggeri,44.16853,10.66728
2600021,Cond.Pucc M,44.15589,10.6625
2600022,Il Poggio,44.1819,10.65523
2600023,Edilpicchio,44.16471,10.64047
2600024,Lot.Pasquali,44.17323,10.64873
2600025,Caprili,44.18626,10.64196
2600026,T.N.T.Sciov.,44.1904,10.67249
2600028,Il Chioso M,44.17677,10.65254
2600029,Dep.Fiumalbo,44.18605,10.64682
2600030,Lo.Pasqua M,44.17139,10.649
2600031,C.Bagatti M,44.15788,10.66692
2600032,Parco Dai M,44.16167,10.64404
2600033,Parco Dai M,44.16151,10.64341
2600034,Elgi D.Nuova,44.16766,10.64147
2600035,Scuole . T,44.17754,10.64724
2600036,Coppi Autopr,44.17473,10.65939
2600037,Vaglie,44.18305,10.64762
2600038,V.Capannella,44.16548,10.62742
2600039,Idropia.Rot.,44.1617,10.60837
2600040,Il Pontino,44.17318,10.64327
2600041,V.Circ.Rocca,44.18084,10.64656
2600042,V. Lago,44.17697,10.64755
2600044,Dogana Nuova,44.16821,10.64109
2640001,Barigazzo,44.2656,10.65393
2640002,Vaglio,44.29715,10.72779
2640004,Montecenere,44.31074,10.76517
2640006,Mazzieri M,44.28731,10.66568
2640012,Ponte Aglio,44.30492,10.71003
2640013,Valdalbero,44.27583,10.71615
2640014,Cavergiumine,44.28942,10.69054
2640015,Cadignano,44.3226,10.71953
2640016,Cas.S.Giusep,44.33787,10.69149
2640018,Belvedere,44.31147,10.77875
2640021,Rai Way Spa,44.28503,10.66564
2640022,Centro Lama,44.30679,10.73112
2640023,Beato Marco,44.30915,10.71237
2640024,Santoncina,44.29978,10.71638
2640025,Scorzato Bor,44.28606,10.70627
2640026,Ville Oziano,44.31881,10.7687
2640027,Cas.S.Michel,44.26866,10.69714
2640028,Tie Sassost.,44.25723,10.68817
2640029,Pianorso1 T,44.34528,10.69276
2640030,Pianorso 2,44.34143,10.69528
2640031,La Raggia,44.35455,10.70329
2640032,@Le Braglie,44.34743,10.6893
2640033,Ca'Beghino,44.34379,10.68298
2640034,Monte La Ca',44.33763,10.68258
2640035,@I Pianelli,44.33106,10.67611
2640036,Le Roncole,44.32471,10.67219
2640037,Ca'Bortolett,44.34101,10.70158
2640038,Fontanarca,44.33232,10.69585
2640039,Pian d.Valle,44.29514,10.75111
2640040,Prati Riccio,44.28513,10.6562
2640041,Il Merlo,44.30142,10.744
2640042,Cornia,44.29656,10.69677
2640043,Hot.Vitt. M,44.28673,10.66026
2640044,Foss.Caselle,44.29521,10.66874
2640045,Cas.S.Apolli,44.29103,10.7228
2640046,Lott.Fung M,44.29276,10.66818
2640047,Ca'Colucci,44.26682,10.68854
2640048,Le Campore,44.28543,10.73022
2640049,Monte Acuto,44.28993,10.6716
2640050,Lot.Campagna,44.30443,10.73836
2640051,Lamaccioli,44.3138,10.74891
2640052,Pracanina,44.31876,10.74625
2640053,Ca'Bighirro,44.31903,10.73249
2640054,Off Gherardi,44.31081,10.71292
2640055,Ca'Temprano,44.31626,10.71804
2640056,Casa Coda,44.30041,10.702
2640057,La Ca',44.26723,10.67589
2640058,Casa Nuova,44.26524,10.66873
2640059,La Testa,44.27217,10.68433
2640060,Santona . M,44.2724,10.67385
2640061,Ruggeri . T,44.31146,10.71674
2640062,Area Pep1,44.31225,10.73122
2640063,Area Peep T,44.3113,10.73131
2640064,Barbieri,44.31393,10.71278
2640065,Im.Barig. M,44.26504,10.65011
2640066,Mattiona,44.31984,10.7001
2640067,Ca'Mancino,44.30726,10.70306
2640068,Ca'Pozzo,44.30422,10.69061
2640070,Cadignano T,44.32805,10.72003
2640071,Poggiolo,44.28011,10.71476
2640072,Casa Malgari,44.25796,10.67377
2640073,Castel.Cadig,44.32172,10.71145
2640074,Castellaro 2,44.26043,10.66653
2640075,Camping . M,44.3057,10.72428
2640076,Casaccio,44.29416,10.73514
2640077,Lott.Sole M,44.28645,10.66828
2640078,Santa Luc M,44.30738,10.73527
2640079,Selva D.Pini,44.28563,10.69745
2640080,V.Vandelli,44.29722,10.71058
2640081,Blisgarol M,44.3096,10.74007
2640082,Sciovia Sz,44.2814,10.65568
2640083,Com.Lama Moc,44.28126,10.6559
2640084,Az.Agr.Neri,44.30608,10.69677
2640085,Imp.Sport M,44.30369,10.72473
2640087,Discot.Borra,44.29425,10.71047
2640088,Case Popolar,44.31268,10.75963
2640089,Lama Bass M,44.3093,10.73638
2640090,T.M.P. . M,44.31217,10.73148
2640091,Structura,44.3105,10.76982
2640092,Il Merlo Dep,44.30102,10.73624
2640093,V. Poggio,44.27574,10.70158
2640094,V.Molino,44.33924,10.69768
2644908,Le Tole,44.33935,10.67487
2660000,L.Donnini,44.44632,10.94298
2660002,Poppi Srl,44.42664,10.92426
2660003,Pluto,44.46585,10.97179
2660006,Rodiano,44.44191,10.91557
2660008,Piano Marano,44.45262,10.93945
2660009,V.Caduti SL,44.46014,10.96372
2660010,Chies.Festa',44.40458,10.9074
2660011,Cornaletto,44.46277,10.93187
2660012,Rem Snc,44.44879,10.9466
2660014,Cer.Fondoval,44.41288,10.92126
2660016,Ca'Chiosso,44.44395,10.87712
2660017,Ca'Santi,44.43056,10.89443
2660020,Amorotti,44.43698,10.89006
2660021,S.Gaetano,44.43914,10.89834
2660022,Denzano,44.45589,10.91955
2660023,V. Miani,44.46622,10.96854
2660026,Casa Rossa,44.39948,10.88958
2660027,De.Ma.Sol,44.4271,10.92587
2660028,CMS,44.46661,10.97001
2660029,Play Art,44.41329,10.92216
2660031,Gran.Donnini,44.44623,10.94545
2660032,Plast.Panaro,44.45452,10.96034
2660034,Lt.Misley T,44.46186,10.96953
2660035,Prosc.Leonar,44.42729,10.9257
2660037,Ca'Luciore,44.40928,10.89065
2660038,Sirotti,44.42812,10.92601
2660039,Lot.Gramsci,44.45843,10.96403
2660040,V.Zenzano,44.45448,10.97082
2660043,Cms Spa,44.46249,10.96706
2660044,Codicello,44.40087,10.89966
2660045,Ost.Vecch T,44.41575,10.92079
2660046,Plastica Pan,44.45969,10.96468
2660047,La Salata,44.40662,10.89871
2660048,Bar Nando,44.40403,10.92051
2660049,Chisarola,44.3976,10.91904
2660050,Ca'Cantonier,44.38945,10.91666
2660051,Rio Benedell,44.38647,10.91203
2660052,Fornacione,44.46255,10.96598
2660054,V.Giov.XXIII,44.45625,10.94866
2660055,Rio Torto,44.41615,10.91529
2660056,Pip.V.Vignol,44.45952,10.9725
2660057,Capoluogo,44.45637,10.96632
2660058,V.D.Braglie,44.46146,10.9653
2660059,V.Dell.Fossa,44.45852,10.96908
2660060,Cimitero,44.45362,10.9593
2660062,Rio Losco T,44.42735,10.92428
2660063,Ca'Polizzo,44.43939,10.9343
2660064,Ca'Vecchino,44.43466,10.88938
2660066,C.M.P.,44.4475,10.94473
2660067,Faellano,44.46072,10.96928
2660068,Castellazzo,44.42818,10.88522
2660069,Ca'Santelli,44.43698,10.87308
2660070,Ca'Bonettini,44.44776,10.94522
2660071,Ospita Sp T,44.4332,10.88393
2660072,Ca'Liberata,44.44802,10.92809
2660073,Galvanica,44.44672,10.94357
2660075,@Ca Bernabei,44.47115,10.93919
2660076,Ca Baldassar,44.46158,10.94611
2660077,Ca Dei Galli,44.47076,10.94655
2660078,Ca Marchioni,44.46545,10.95657
2660080,La Sambana,44.44459,10.90698
2660081,La Pettinina,44.44514,10.88388
2660082,Tragnolo 1,44.46506,10.97102
2660083,P.M. Spa,44.4646,10.97262
2660084,Tragnolo 3,44.46283,10.97065
2660088,Casa Beppe,44.42303,10.92308
2660089,Cast.Marano,44.45728,10.96125
2660090,Molino Vicin,44.43555,10.8808
2660091,Ex Mul.Lelli,44.45438,10.96402
2660092,Lot.Fossetta,44.46078,10.96703
2660093,Pabb Srl M,44.46312,10.96984
2660094,Frant.Fondov,44.42527,10.92438
2660095,RosGroup,44.46336,10.97397
2660096,@Barba vande,44.46178,10.90613
2660097,Idr.Marano,44.45641,10.98587
2660098,1 Maggio,44.45723,10.96944
2660099,P.M. 2,44.46313,10.96955
2660100,Conad Marano,44.45991,10.97044
2660101,V.DelleCince,44.4248,10.92388
2660102,Ponte Casona,44.42061,10.92372
2664050,Rumiana 050,44.39221,10.91138
2700000,Cent.P.Vall,44.29408,10.75321
2700005,Europrosciut,44.27888,10.76196
2700006,Ca'Busotto,44.28804,10.76646
2700007,Ist.Profess.,44.24558,10.71588
2700008,Il Piano Acq,44.26638,10.75196
2700009,Zanchio Acqu,44.2766,10.74895
2700010,Bandita,44.24809,10.73727
2700011,Imp.Sport M,44.24632,10.72006
2700012,Ca'Mucci,44.26108,10.71064
2700014,Rovinello,44.28758,10.74858
2700015,Magrignana,44.24908,10.69007
2700016,Lamaccia,44.25293,10.72366
2700018,Il Ronco,44.25286,10.7344
2700019,Palladini,44.28044,10.76587
2700020,Sic Cen.S M,44.24512,10.7195
2700021,Macchiarelle,44.24425,10.72045
2700022,XXV Aprile,44.24373,10.71657
2700024,Lt.Panoramic,44.24807,10.72146
2700025,Camp.Sportiv,44.24622,10.72073
2700026,Riola Casell,44.24366,10.68804
2700027,Pian Donino,44.23551,10.6922
2700028,Font.Gelata,44.22985,10.69982
2700029,Ca'Camatti,44.2679,10.71368
2700030,Con.Primula,44.24847,10.71925
2700031,Lavatoio M,44.24891,10.71638
2700034,V. Ronco,44.24863,10.72744
2700035,La Vandare,44.28308,10.73976
2700036,Ca'Camoscio,44.27557,10.73369
2700037,La Villa,44.28351,10.75572
2700038,Tintorri M,44.24518,10.71375
2700039,Serradimezzo,44.27186,10.76626
2700040,Cimoncino,44.229,10.71617
2700042,Ca' Vernese,44.27279,10.75506
2700043,Ca'Borlino,44.28042,10.77199
2700044,Lamacc.Enel,44.21305,10.71311
2700045,Staz.Cimone,44.21309,10.71308
2700046,Funivia . T,44.20029,10.70651
2700049,Aeron.Milit.,44.19868,10.70568
2700051,Gall.Strett.,44.25783,10.71162
2700052,Serino . M,44.24569,10.71181
2700053,Il Cerro,44.26839,10.74501
2700054,Fv Tonarone,44.26421,10.72964
2700055,V.La Vandara,44.28281,10.73278
2700057,V.Camoscio,44.27352,10.73141
2704903,Cas.Casello,44.28894,10.75917
2720001,Montalto,44.3143,10.99124
2720002,Capoluogo,44.26886,10.94166
2720004,Iola,44.24456,10.95525
2720005,Castelluccio,44.22707,10.89731
2720007,I Lazzari,44.23752,10.91961
2720008,Montespecchi,44.26564,10.88519
2720009,Bertocchi,44.30534,10.93581
2720012,Il Salto,44.28572,10.92685
2720013,Chi.Semelano,44.31202,10.96692
2720015,Camponuovo,44.27159,10.94093
2720016,Sassina,44.30478,10.9517
2720017,Montalto 2,44.31227,10.98403
2720018,@Iola Salcic,44.23486,10.95283
2720019,Dardagnola,44.25051,10.92999
2720022,Meta Spa,44.31911,10.9706
2720024,Profondo . T,44.26843,10.94382
2720025,Dani.M.Alto,44.31591,11.00033
2720027,Ca'Lienda T,44.27516,10.93695
2720028,Casa Borello,44.23578,10.87588
2720029,Casa Serra,44.23629,10.88727
2720030,Chiocciola,44.25586,10.93458
2720031,Ca'Stanchini,44.23018,10.92529
2720033,Ponticello,44.26607,10.95754
2720034,@Ca'Nobi,44.30626,10.99975
2720035,Credi Biagin,44.25823,10.94207
2720036,Ca'dell'Oca,44.22003,10.90064
2720037,Riva Biscia,44.25676,10.91667
2720038,Spingiola,44.27269,10.95063
2720040,@Ost.Rivel,44.29998,10.95697
2720042,Comune Mont.,44.26376,10.93417
2720043,Antoniano,44.29619,10.90043
2720044,Coveraie,44.24522,10.92626
2720045,S.Martino,44.28007,10.91548
2720046,Cervolati,44.22834,10.90086
2720047,Cas.Poggetto,44.31366,10.97751
2720048,Campo Sport.,44.27015,10.9487
2720049,V.Quercia,44.2746,10.94214
2720050,Chie.Maserno,44.2527,10.92855
2720051,Pianella,44.26162,10.89996
2720052,Canevaro,44.27424,10.88822
2720053,Le Rase,44.26288,10.87918
2720054,I Caroli,44.24304,10.877
2720055,Maranello,44.24184,10.86258
2720056,La Sorba,44.23129,10.86642
2720057,Ca'Fumarolo,44.32226,11.00106
2720058,Ca'Tabina,44.2693,10.90726
2720059,I Casoni,44.27291,10.9253
2720060,Vignaletto,44.28459,10.88888
2720061,I Mondani,44.22577,10.90993
2720062,@Il Monte,44.21758,10.89243
2720063,Torraccia,44.23049,10.94463
2720064,Il Poggio,44.24406,10.94205
2720065,Acq.Bago,44.26485,10.94093
2720066,Ca'Parone,44.2966,10.94517
2720067,Casa Poli,44.30652,10.91303
2720068,Vecchieda,44.29629,10.92481
2720069,Vaina,44.28943,10.8953
2720070,Casaccia,44.31851,10.92984
2720071,Baldiola,44.30801,10.9311
2720072,Cereseto,44.2309,10.91733
2720073,Flli Nardi,44.26814,10.94144
2720074,@Crosiccia,44.30673,10.98388
2720075,Casazza,44.32028,10.98596
2720076,@Giacomelli,44.30843,10.9923
2720077,I Tassi,44.23707,10.92299
2720078,Ville Semela,44.30732,10.96761
2720079,Casa Beretta,44.2788,10.95008
2720080,I Prati,44.24497,10.91019
2720081,Lott.Salto,44.28315,10.92939
2720082,San Rocco,44.29095,10.90301
2720083,Ca'Carletto,44.28794,10.91721
2720084,Le Foggie,44.28631,10.93733
2720085,Ca' Zocco,44.2793,10.93304
2720086,Le Are,44.28006,10.92031
2720087,Ca'Zocca,44.2256,10.92824
2720088,La Fornace,44.26309,10.92817
2720089,Mic.Pollacci,44.2634,10.96198
2720090,Ca' Bicocchi,44.25721,10.95034
2720091,Monteforte,44.24688,10.92671
2720093,Palmieri,44.24247,10.9526
2720094,Lot.Il Cerro,44.26692,10.95006
2720095,Montello,44.28099,10.9482
2720097,Nuova Sg,44.28661,10.9039
2720098,Ca'Buratta,44.2838,10.9071
2720100,V.Padulle,44.26849,10.96333
2720101,V.Rossa,44.2738,10.90965
2720102,Bicocchi Montese,44.25852,10.95635
2720104,V. Fermi,44.28303,10.90859
2724908,Stalla Cioni,44.26788,10.89883
2760001,Capoluogo,44.20572,10.61769
2760005,Cadagnolo,44.18661,10.57823
2760006,V.Vandelli,44.19557,10.52993
2760008,Roncadiccio,44.19297,10.60813
2760009,Ponte Modino,44.19532,10.62065
2760010,Box Bosi,44.19843,10.61042
2760011,Sa Dpt.Cp,44.19494,10.62597
2760012,Nuova Valle,44.19819,10.61943
2760013,Rocchi Cont.,44.20094,10.6171
2760014,Casoni,44.22094,10.60433
2760015,Chiusura,44.18972,10.61824
2760016,Comune Pieve,44.18041,10.53756
2760017,Ca'Giannino,44.19014,10.55102
2760018,Lot.Poggetti,44.20329,10.61467
2760019,Ca' Bianca,44.19535,10.53951
2760020,Ina Casa,44.18982,10.55376
2760021,C.Lonardello,44.19179,10.54494
2760022,Ca'di Pisa,44.20232,10.54921
2760023,@La Sega,44.19597,10.53158
2760024,Fontanini,44.19159,10.59266
2760025,Poggetti Man,44.2047,10.61341
2760026,Selvabella,44.20709,10.56389
2760027,Ca'di Guido,44.19805,10.57212
2760028,Lazze Pevep.,44.19095,10.62751
2760029,Le Capannine,44.18937,10.54807
2760030,Lot.Fal,44.19451,10.54173
2760031,Isola Lunga,44.19807,10.61048
2760032,Lot.S.Michel,44.20323,10.62506
2760034,Hotel Pineta,44.2077,10.60833
2760035,Roccapelago,44.20457,10.59012
2760036,Ca' Piera T,44.18793,10.55839
2760037,Ponte S.Anna,44.18621,10.56408
2760039,S.Andrea P.,44.21617,10.61141
2760040,Municipio. T,44.20735,10.61673
2760042,Scorzatello,44.18314,10.54301
2760043,Ponte Elena,44.21219,10.62506
2760045,Elett Cimone,44.21601,10.60881
2760047,Lago Sant M,44.1375,10.5884
2760048,Pian De Remi,44.15719,10.59768
2760049,Tagliole . T,44.16505,10.60027
2760051,Costa Sol M,44.20951,10.61779
2760052,Pian Forche,44.20739,10.6042
2760053,Roncacci,44.22902,10.6024
2760054,Falloppia,44.20001,10.54214
2760055,Perticara,44.19242,10.5575
2760056,Beghelli M,44.21331,10.61135
2760057,Elett.Cimone,44.21745,10.60835
2760058,Ca'Baroni,44.18732,10.57098
2760059,Ponte Fola,44.21495,10.62965
2760061,V.Tagliole,44.16432,10.60031
2760062,V. Artigiano,44.19986,10.61276
2770000,Boscagli2,44.34626,10.73246
2770003,Capanna,44.37201,10.72425
2770004,Scuo.Gombola,44.38497,10.72575
2770005,Picinera,44.38779,10.7303
2770006,Talbignano,44.40717,10.69857
2770007,Poggio S.Mar,44.3844,10.69244
2770008,Serregombola,44.36456,10.72586
2770010,Ca'Matteazzi,44.41912,10.71953
2770011,Cinghianello,44.35206,10.74225
2770012,Valdalbero,44.39388,10.69252
2770013,Tiro Al Volo,44.35076,10.71575
2770014,Artec Spa,44.40086,10.72283
2770015,Pontecervaro,44.40311,10.7247
2770016,Canalina,44.41656,10.72585
2770017,Coop 3 Valli,44.33122,10.70904
2770018,Perciano . T,44.34967,10.75105
2770019,IlFiorentino,44.35807,10.73489
2770020,Pian Gonano,44.34351,10.75076
2770021,Pon.Brandola,44.33631,10.74031
2770022,Ca'Fattore,44.35051,10.73255
2770023,Vitroplast,44.40579,10.70029
2770024,Borra Volta,44.37556,10.69376
2770025,Ca'Traverso,44.37017,10.70008
2770026,Ca'Violino,44.37798,10.73675
2770027,Mol.Torrini,44.36969,10.7436
2770028,Ca'3 Re,44.3581,10.74977
2770029,Ca'Farinotti,44.34792,10.72564
2770030,@CaBattaglia,44.40934,10.73197
2770031,Le Sponde,44.40815,10.72192
2770032,Lugari Gombo,44.39481,10.7244
2770033,I Ronchi,44.3994,10.73119
2770034,Ca'Sementi,44.40018,10.74118
2770035,@Ca'Beghuzzi,44.39038,10.74343
2770036,Ca'Martagna,44.39273,10.67481
2770037,Ca De Rossi,44.38763,10.68404
2770038,Torelle . T,44.37732,10.72574
2770040,Comune Polin,44.34341,10.72826
2770041,Cerreto Fioc,44.34248,10.73868
2770042,La Corbella,44.33633,10.72641
2770044,Mategrasso,44.34179,10.7099
2770045,Ca.Talbigna,44.40568,10.69561
2770046,Borghetto,44.40447,10.70751
2770048,Ca'Borcai,44.40136,10.69649
2770049,Ceppadella,44.39478,10.7009
2770050,Cassano,44.39606,10.68833
2770051,Ca'del Tocco,44.37995,10.71119
2770052,Maranello,44.3731,10.70684
2770053,Lot.Polna M,44.34643,10.7237
2770054,Lot.Boscagli,44.3438,10.72978
2770055,CasinaFrassi,44.3505,10.76096
2770056,V. Tassoni,44.34394,10.72259
2770057,Pra Di Bigio,44.42144,10.72525
2770058,Sau S.P.A.,44.34474,10.72954
2770060,P.Castellina,44.37689,10.75428
2770061,Casa Baldoni,44.34116,10.72604
2770062,Casa Marini,44.35879,10.72088
2770063,@Xpolinago,44.42474,10.7251
2770064,@Policrean,44.40759,10.69039
2770065,AzAgrBondiol,44.35942,10.71981
2770066,V.Artigianat,44.34594,10.73251
2770068,V.Roncaccio,44.35853,10.72569
2770070,NewCa Misley (Polinago),44.33083,10.73652
2800001,Diga,44.23605,10.65098
2800002,Castellino,44.25073,10.64997
2800003,Lot.ne Artig,44.23849,10.65609
2800005,Fola,44.21354,10.63227
2800006,Serpiano,44.25374,10.63244
2800007,Crovetti D.,44.23477,10.64925
2800008,Groppo,44.23492,10.64201
2800009,Capannone,44.2333,10.62594
2800011,Cons.Cimone,44.21685,10.69074
2800012,Pra'di Sotto,44.25798,10.64247
2800013,Campanile,44.24156,10.63461
2800014,Casa Manzi,44.2025,10.62821
2800016,@Centocroci1,44.2609,10.61593
2800017,Centocroci2,44.25751,10.61469
2800018,Zerolupi,44.20583,10.70263
2800020,Riolino . T,44.23114,10.65567
2800021,Circonvallaz,44.23122,10.65355
2800022,Campi Tennis,44.2283,10.65203
2800023,Cs.Battilani,44.22839,10.6605
2800024,Borra Castel,44.25457,10.64591
2800025,Res.Bucaneve,44.23309,10.65654
2800026,Groppo . Mt,44.23502,10.64466
2800027,Piandacciolo,44.22721,10.67416
2800028,Pezzole,44.21642,10.64018
2800029,Reggedi,44.21973,10.66654
2800030,Ronco,44.24045,10.67379
2800031,Ca'del Rosso,44.22591,10.68313
2800033,Depuratore,44.2336,10.64992
2800034,Pero Grande,44.22329,10.62902
2800035,Com.Riolunat,44.20042,10.70552
2800036,Cimoncino,44.2109,10.69347
2800038,Fola 2,44.21339,10.63243
2800040,V.Castello,44.2287,10.65661
2880003,Ceragneto,44.22911,10.79039
2880004,Sestola 2000,44.2212,10.76382
2880008,Casine,44.27286,10.79769
2880009,Rocc.Sandri,44.25728,10.8329
2880013,Vesale,44.25532,10.79206
2880014,Passo Lupo,44.21453,10.7196
2880015,Balzo,44.2319,10.75405
2880016,Ponte.Bacone,44.24756,10.7655
2880017,Roncoscaglia,44.24122,10.74705
2880019,S.Eurosia,44.25127,10.83833
2880020,Rovinaccia,44.26732,10.78767
2880021,Pon.Prugneto,44.2898,10.79978
2880022,Case.S.Lucia,44.2603,10.82505
2880023,Vivaio . T,44.23251,10.76872
2880024,Eurocristall,44.22998,10.76675
2880025,Ca'Biolchini,44.26628,10.81217
2880026,2 Scoiattoli,44.22066,10.76133
2880027,Co.Sacchetti,44.22599,10.77231
2880029,Campedini,44.2412,10.74304
2880030,Valle Cimone,44.25349,10.75965
2880031,Piscin.Comun,44.22709,10.77484
2880032,Co.Ciclamino,44.23176,10.77008
2880035,Il Tetto . T,44.23062,10.76546
2880036,Co.Genzianel,44.23123,10.7669
2880039,Val.Sasso T,44.27069,10.81691
2880040,Terra Ros T,44.24521,10.7705
2880041,Casa Gollino,44.23893,10.78871
2880042,Rivabella,44.24941,10.78818
2880043,Torraccia,44.25968,10.80634
2880044,Ca'Cocci,44.24432,10.83406
2880045,Ara,44.26649,10.84151
2880046,Casine,44.2588,10.8534
2880047,Lago Ninfa,44.21651,10.72364
2880048,La Rovina,44.24239,10.78027
2880049,Serretto,44.26171,10.8175
2880051,Ca'Bettino,44.2778,10.80297
2880052,M.Fiorino So,44.26126,10.75668
2880053,Cambara',44.27295,10.77427
2880054,Ca'Manne',44.28149,10.79102
2880055,Passerino T,44.22202,10.775
2880056,Acquaria . T,44.24694,10.74532
2880057,Passo Lupo,44.20877,10.71765
2880059,Co.Terrazze,44.22792,10.77372
2880060,Lt.Rovinacci,44.22998,10.77639
2880061,Municipio T,44.22992,10.77143
2880062,Prato Ville,44.23232,10.7817
2880063,L'Oppio P.V.,44.22809,10.78144
2880064,Castellaro,44.25951,10.77683
2880065,Edil 77,44.23104,10.7649
2880066,Galavrone 1,44.23202,10.76318
2880067,Galavrone 2,44.23099,10.76193
2880068,Soc. Miki M,44.22489,10.77276
2880069,Con.La Pe M,44.22287,10.76186
2880070,Lt.S.Marco,44.22933,10.7738
2880071,Esperia . M,44.2193,10.72484
2880072,Lott.Sandri,44.24995,10.8385
2880073,Lot.Fratt M,44.23177,10.76523
2880074,Capanna Rocc,44.2465,10.8489
2880075,Poggioraso,44.23475,10.78071
2880076,Il Palazzo,44.25211,10.74785
2880079,Gessani,44.25578,10.77056
2880080,Parrocchetti,44.25235,10.77588
2880082,Teggia.Ve T,44.25216,10.79662
2880083,Scup Camping,44.22662,10.77623
2880085,Ortali,44.23742,10.75513
2880086,Hotel Roma,44.22956,10.76933
2880087,Meta Spa,44.23209,10.79105
2880088,Ca' Rosa,44.2477,10.82991
2880089,Ca'Nova . M,44.22906,10.77944
2880090,Imm.Pineta,44.23401,10.76615
2880091,Mul.Bianchi,44.27832,10.81044
2880092,FV Aries SRL,44.28696,10.79058
2880093,FV.Torraccia,44.26114,10.80821
2880094,Ceramica,44.24261,10.78217
2880097,V.Casa Ricci,44.26201,10.80815
2884900,BerkeleyIDRO,44.26672,10.85293
